-- MariaDB dump 10.19  Distrib 10.11.3-MariaDB, for debian-linux-gnu (x86_64)
--
-- Host: localhost    Database: epipa
-- ------------------------------------------------------
-- Server version	10.11.3-MariaDB-1

/*!40101 SET @OLD_CHARACTER_SET_CLIENT=@@CHARACTER_SET_CLIENT */;
/*!40101 SET @OLD_CHARACTER_SET_RESULTS=@@CHARACTER_SET_RESULTS */;
/*!40101 SET @OLD_COLLATION_CONNECTION=@@COLLATION_CONNECTION */;
/*!40101 SET NAMES utf8mb4 */;
/*!40103 SET @OLD_TIME_ZONE=@@TIME_ZONE */;
/*!40103 SET TIME_ZONE='+00:00' */;
/*!40014 SET @OLD_UNIQUE_CHECKS=@@UNIQUE_CHECKS, UNIQUE_CHECKS=0 */;
/*!40014 SET @OLD_FOREIGN_KEY_CHECKS=@@FOREIGN_KEY_CHECKS, FOREIGN_KEY_CHECKS=0 */;
/*!40101 SET @OLD_SQL_MODE=@@SQL_MODE, SQL_MODE='NO_AUTO_VALUE_ON_ZERO' */;
/*!40111 SET @OLD_SQL_NOTES=@@SQL_NOTES, SQL_NOTES=0 */;

--
-- Table structure for table `aux_prestador`
--

DROP TABLE IF EXISTS `aux_prestador`;
/*!40101 SET @saved_cs_client     = @@character_set_client */;
/*!40101 SET character_set_client = utf8 */;
CREATE TABLE `aux_prestador` (
  `id` int(11) NOT NULL AUTO_INCREMENT,
  `nome` varchar(255) CHARACTER SET utf8mb4 COLLATE utf8mb4_unicode_ci DEFAULT NULL,
  `cpf_cnpj` varchar(255) CHARACTER SET utf8mb4 COLLATE utf8mb4_unicode_ci DEFAULT NULL,
  `dt_nasc` varchar(255) CHARACTER SET utf8mb4 COLLATE utf8mb4_unicode_ci DEFAULT NULL,
  `banco` varchar(255) CHARACTER SET utf8mb4 COLLATE utf8mb4_unicode_ci DEFAULT NULL,
  `ag` varchar(255) CHARACTER SET utf8mb4 COLLATE utf8mb4_unicode_ci DEFAULT NULL,
  `cc` varchar(255) CHARACTER SET utf8mb4 COLLATE utf8mb4_unicode_ci DEFAULT NULL,
  `ome` varchar(255) CHARACTER SET utf8mb4 COLLATE utf8mb4_unicode_ci DEFAULT NULL,
  `natureza` varchar(1) CHARACTER SET utf8mb4 COLLATE utf8mb4_unicode_ci NOT NULL,
  PRIMARY KEY (`id`)
) ENGINE=InnoDB AUTO_INCREMENT=425 DEFAULT CHARSET=utf8mb4 COLLATE=utf8mb4_general_ci;
/*!40101 SET character_set_client = @saved_cs_client */;

--
-- Dumping data for table `aux_prestador`
--

LOCK TABLES `aux_prestador` WRITE;
/*!40000 ALTER TABLE `aux_prestador` DISABLE KEYS */;
INSERT INTO `aux_prestador` VALUES
(1,'JOSE CLODOALDO SIQUEIRA','39920747491','','237','1808-8','0109060-7','4  B COM','1'),
(2,'EDJANILTON TAVARES DOS SANTOS','94581789400','01/01/1990','001','0068-X','16.901-3','14 BIMTZ','1'),
(3,'FLAVIA SOUZA DA SILVA BEZERRA','93374410472','19/05/1972','001','1069-3','8769-6','14 BIMTZ','1'),
(4,'GABRIEL FELIPE MACEDO','06690844412','07/09/1985','001','2125','12306-4','14 BIMTZ','1'),
(5,'JANDILSON MARTINS DO NASCIMENTO','05915826431','13/09/1989','237','6036-4','0501.077-2','14 BIMTZ','1'),
(6,'JOSE ALDO DA SILVA DOMINGOS','06580691441','02/04/1986','237','3210-7','0751172-8','14 BIMTZ','1'),
(7,'JOSE JUNIOR DA SILVA TAVARES','09296019478','21/09/1990','001','0067','32033-1','14 BIMTZ','1'),
(8,'JOSE TOME CAVALCANTE','57869073415','28/12/1981','237','3210','2750-2','14 BIMTZ','1'),
(9,'KYRAN CHAGAS CAVALCANTE','08703525473','22/07/1989','237','3230-1','0004971-9','14 BIMTZ','1'),
(10,'PAULO HENRIQUE SILVA DE ARAUJO','12689978466','22/05/2000','237','3212','0058418-5','14 BIMTZ','1'),
(11,'REINALDO DA SILVA ALEXANDRE','03181352489','11/04/1976','237','3210','0615813-7','14 BIMTZ','1'),
(12,'RONEY ISTEFANIO TEIXEIRA LIMA','09898047470','13/08/1995','001','1280','9312-2','14 BIMTZ','1'),
(13,'F J R TRASPORTES','34235766000177','','004','00165','39296-7','14 BIMTZ','2'),
(14,'J M TRASPORTE LTDA','35044249000183','','001','0542','69819-9','14 BIMTZ','2'),
(15,'M R NOBRE WANDERLEY','27905457000100','','001','0331','23.224-6','14 BIMTZ','2'),
(16,'ALEX DE AMORIM BARBOSA','03652713494','16/05/1980','001','1019-7','18.492-6','4  B COM','1'),
(17,'ALISON SALVINO FERREIRA GONCALVES','03615136403','04/05/1980','237','5784-3','9.525-7','4  B COM','1'),
(18,'ALUIZIO RIBEIRO DA COSTA','08298166744','','237','5784-3','21168-0','4  B COM','1'),
(19,'BRUNO ALEXANDRE DA SILVA ','40096761830','28/06/1990','001','1019-7','14040-6','4  B COM','1'),
(20,'CELIO DE PAULA OLIVEIRA','41221931415','06/12/1964','237','5784-3','0664221-7','4  B COM','1'),
(21,'CLECIO WLISSES BARBOSA DE LIMA','09535568400','30/08/1996','001','1019-7','20.404-8','4  B COM','1'),
(22,'EDIMILSON VICENTE DA SILVA','09022704432','','001','1019-7','15.617-5','4  B COM','1'),
(23,'EDVALDO BALBINO ALVES','16040520400','04/02/1955','001','1019-7','12.169-X','4  B COM','1'),
(24,'FABIO AVELINO DE LIMA','09286876432','23/03/1990','001','1019-7','11.793-5','4  B COM','1'),
(25,'FABRICIO GABRIEL DA SILVA','11277307466','','001','1019-7','19.845-5','4  B COM','1'),
(26,'FRANCINALDO DA SILVA QUEIROZ','06482338470','02/03/1986','341','0374','23.702-2','4  B COM','1'),
(27,'GUTEMBERG GOMES DA SILVA','69222460472','29/07/1969','001','1019-7','19.866-8','4  B COM','1'),
(28,'JOELSON FREIRE DA SILVA','01643536400','','001','1019-7','20.397-1','4  B COM','1'),
(29,'JOSE ADAILTON DE ARRUDA','87429772404','','001','1019-7','15.635-3','4  B COM','1'),
(30,'JOSE AROLDO FARIAS DE ASSIS','08426540465','29/05/1990','001','1019-7','16.969-2','4  B COM','1'),
(31,'JOSE BRAZ DE ARRUDA ','04316704478','08/04/1982','341','8497','40.228-2','4  B COM','1'),
(32,'JOSE ELSON VICENTE DA SILVA','70017432405','','104','0737','101.509-4','4  B COM','1'),
(33,'JOSE FIDELES RODRIGUES TAVARES','21891001434','','001','1019-7','8.871-4 ','4  B COM','1'),
(34,'JOSE FRANCISCO GABRIEL DA SILVA','62869086768','','001','1019-7','13.119-9','4  B COM','1'),
(35,'JOSE LUCIANO DA SILVA','02827604400','24/09/1977','001','1019-7','8.798-X','4  B COM','1'),
(36,'JOSE RICARDO MATOS VENANCIO','04761365471','31/01/1982','237','5784-3','0007276-1','4  B COM','1'),
(37,'JOSE ROBERTO ALVES DOS SANTOS','02179932499','','001','1019-7','12.901-1','4  B COM','1'),
(38,'RODRIGO DOS SANTOS ALVES','07010865485','13/09/1986','001','1019-7','9.535-4','4  B COM','1'),
(39,'TAIRONE FELIPE FARIAS DE ASSIS','08426541437','15/10/1991','001','1019-7','16.658-8','4  B COM','1'),
(40,'WELTON CARDOSO DE SOUZA','04384834489','30/08/1982','001','1019-7','18.097-1','4  B COM','1'),
(41,'CLAUDIO CARDOSO DE SOUZA','03421469474','','001','1643-8','18271-0','14 BIMTZ','1'),
(42,'JOSE FRANCISCO MONTEIRO IRMAO','11436757460','09/08/1992','237','1784','0014970-5','14 BIMTZ','1'),
(43,'JOSE VANDO MONTEIRO','10354846418','06/12/1993','001','1359-5','14388-X','14 BIMTZ','1'),
(44,'LUCIANO BARBOSA DA SILVA','71238760597','09/01/1974','341','1170','42533-2','14 BIMTZ','1'),
(45,'MANOEL FERNANDO DA SILVA','05086126401','25/07/1984','001','1359-5','14403-7','14 BIMTZ','1'),
(46,'NAPOLEAO BEZERRA NETO','04150502439','07/08/1982','033','4045','01000844-8','14 BIMTZ','1'),
(47,'NATHAN JESSE BEZERRA SILVA','13013176407','18/09/1995','004','00008','22883-9','14 BIMTZ','1'),
(48,'RAMILDO ANTONIO DE OLIVEIRA','06114494474','10/07/1986','237','3211','96022-5','14 BIMTZ','1'),
(49,'SILVANO FRANCISCO MONTEIRO','04253730450','22/09/1980','341','6493','08731-3','14 BIMTZ','1'),
(50,'HLNERI TORRES','04540216000109','','001','1643-8','12.722-1','14 BIMTZ','2'),
(51,'DJACI SEVERINO DO NASCIMENTO','86687360434','10/06/1973','001','2039','5837-8','7  G A C','1'),
(52,'GILVAN BARBOSA DA SILVA','48391352900','03/09/1956','001','2369','15080-0','7  G A C','1'),
(53,'GILVAN BARBOSA DA SILVA','48391352900','03/09/1956','001','2369','15080-0','7  G A C','1'),
(54,'JOSE JOAO DE MOURA SANTANA JUNIOR','10904780465','03/01/1995','004','00054','49314-8','7  G A C','1'),
(55,'JOSENILDO SALVADOR DE SOUSA','08944698430','28/08/1997','001','1650','320803','7  G A C','1'),
(56,'JUDAS TADEU ARRUDA LEAL','02654362493','18/09/1977','237','0835','0012933-0','7  G A C','1'),
(57,'LUCIANO DA SILVA MENEZES','10714067440','03/07/1992','001','1650','27530-1','7  G A C','1'),
(58,'LUCIANO DA SILVA MENEZES','10714067440','03/07/1992','001','1650','27530-1','7  G A C','1'),
(59,'LUCIANO SEVERINO DA SILVA','08548979410','03/10/1985','237','0835','0002087-7','7  G A C','1'),
(60,'LUIS FELIPE GOMES DOS SANTOS','09787137454','23/02/1994','001','1650','30989-3','7  G A C','1'),
(61,'MARCILON FERREIRA DA SILVA ','04698430470','24/01/1983','001','1650','21262-8','7  G A C','1'),
(62,'ROBSON ANTONIO DA SILVA','09686082484','07/08/1990','001','1650','21466-3','7  G A C','1'),
(63,'ALLEFIS JOSE DA SILVA DO NASCIMENTO','11161036482','15/12/1994','001','1359-5','13772-3','4 BPE','1'),
(64,'ALYSON AYRES BATISTA','09127288412','19/10/1999','001','1156-8','25831-8','4 BPE','1'),
(65,'ALYSON AYRES BATISTA','09127288412','19/10/1999','001','1156-8','25831-8','4 BPE','1'),
(66,'ASSIS GILSON ROCHA DO NASCIMENTO','08969401440','08/03/1989','001','0570-3','27109-8','4 BPE','1'),
(67,'CARLOS ALBERTO ALVES MACHADO','04773289465','30/11/1982','001','0608','20466-8','4 BPE','1'),
(68,'ROGERIO PEDRO DA SILVA','74340646415','21/10/1971','001','0917-2','30595-2','4 BPE','1'),
(69,'CICERO MANOEL BORBA','05822500480','10/06/1984','001','1359','14066-X','7  G A C','1'),
(70,'DIEGO ANTONIO BARBOSA DE SOUSA','70409450456','22/04/1995','237','0493','0163508-5','7  G A C','1'),
(71,'HUGO CESAR OLIVEIRA DE MIRANDA','10894771477','01/06/1996','001','4637','21108-7','7  G A C','1'),
(72,'HUGO CESAR OLIVEIRA DE MIRANDA','10894771477','01/06/1996','001','4637','21108-7','7  G A C','1'),
(73,'JOAO PAULO ARRUDA DE AGUIAR','04255501416','12/12/1980','237','0835-4','12175-4','7  G A C','1'),
(74,'JOSE DE ARIMATEA SOARES DA SILVA','01904496407','03/06/1972','001','1153','110087-4','7  G A C','1'),
(75,'JOSE GALDINO DA SILVA NETO','05921401480','31/12/1985','001','1153','20537-0','7  G A C','1'),
(76,'JOSE GALDINO DA SILVA NETO','05921401480','31/12/1985','001','1153','20537-0','7  G A C','1'),
(77,'JOSE LUNA DE PAULA','03640790456','15/10/1981','237','0835','20831-0','7  G A C','1'),
(78,'LABONIO LEITE DE OLIVEIRA','90061322415','28/09/1974','001','2422','15102-5','7  G A C','1'),
(79,'MARCOS VENICIO RAMOS DOS SANTOS','60046686487','27/09/1967','001','1666','36096-1','7  G A C','1'),
(80,'PEDRO RAFAEL DIOGENES DA SILVA','10090631463','28/06/1992','001','0159','113583-X','7  G A C','1'),
(81,'RAIMUNDO SANTOS DA SILVA','48792667449','14/05/1960','001','1153','113.436-1','7  G A C','1'),
(82,'RAPHAEL BRAYNER DE MIRANDA','05100051442','18/01/1988','001','1153-3','110.353-9','7  G A C','1'),
(83,'ROSELANIO FEITOSA DE LIMA','03714233415','13/12/1950','001','1666','11348-4','7  G A C','1'),
(84,'SERGIO JUAREZ DE ARAUJO','02887453459','04/07/1978','001','1666','15384-2','7  G A C','1'),
(85,'CLEITON RIBEIRO','37845933805','01/01/1990','237','6040-2','8320-8','14 BIMTZ','1'),
(86,'DOUGLAS OLIVEIRA CINTRA','06092073420','28/11/1986','237','6044','7887-5','14 BIMTZ','1'),
(87,'GONZAGA CINTRA BEZERRA','04620572403','08/09/1984','001','0537-1','24707-3','14 BIMTZ','1'),
(88,'JOHNNY SILVA SANTOS','11017897433','26/10/1992','001','2244','23015-4','14 BIMTZ','1'),
(89,'LUIS PAULO DE SOUZA MELO','08963540405','18/07/1989','237','6040-2','0005922-6','14 BIMTZ','1'),
(90,'OBERDAN CORDEIRO DE MEDEIROS','24572834857','01/01/1990','237','6040-2','7226-5','14 BIMTZ','1'),
(91,'CAIO VINICIOS DA SILVA CABRAL','71367523451','01/01/1990','237','6040','13718-9','14 BIMTZ','1'),
(92,'SEVERINO JOSE DA SILVA','30338417400','08/06/1962','001','1739-6','105790-1','14 BIMTZ','1'),
(93,'FERNANDES DUARTE MINEIRO','32432410491','12/02/1961','001','2697-2','12.195-9','4  B COM','1'),
(94,'CLEBER JAYMES CORDEIRO DE QUEIROZ BRITO','08045856440','','004','141','31700-0','4  B COM','1'),
(95,'JOAO MARCILIO NETO','04549715405','30/05/1980','237','1898-8','0109103-4','4  B COM','1'),
(96,'MAURICIO CAETANO DE FARIAS','30834809893','04/11/1981','237','1898-8','0750549-3','4  B COM','1'),
(97,'ADJAILSON TEODORO DA SILVA','05041205493','02/10/1984','004','0099','44931-4','7  G A C','1'),
(98,'ADJAILSON TEODORO DA SILVA','05041205493','02/10/1984','004','0099','44931-4','7  G A C','1'),
(99,'CARLOS HENRIQUE SALVADOR DE LIMA','09344027447','11/12/1992','341','6782','22384-3','7  G A C','1'),
(100,'JOSE ALEX DA SILVA BEZERRA','71221161407','07/03/1998','341','6782','24518-4','7  G A C','1'),
(101,'SEVERINO SOARES DA SILVA','07213371800','22/03/1958','341','8260','44638-3','7  G A C','1'),
(102,'ALEXANDRE SILVA DE SOUSA','12636798463','28/11/1996','237','0835-4','0030998-2','7  G A C','1'),
(103,'CALMIR MIGUEL FERREIRA DA SILVA','12404175432','24/03/1998','001','1346','17540-4','7  G A C','1'),
(104,'CARLOS JOSE FERREIRA DA SILVA','92075576491','02/07/1974','104','1295','2499-2','7  G A C','1'),
(105,'ELIVALDO DA SILVA XAVIER','03380679496','01/01/2000','001','1346','20729-2','7  G A C','1'),
(106,'EUZEBIO JUNIOR DOS ANJOS XAVIER','03883869406','03/03/1981','237','0835','13355-8','7  G A C','1'),
(107,'JOAO ELSO DINIZ XAVIER','04899727488','23/08/1983','004','0054','16666-0','7  G A C','1'),
(108,'JOSE MIGUEL FERREIRA DA SILVA ','04844309471','14/05/1984','001','0582-7','38812-2','7  G A C','1'),
(109,'MACIEL SILVA DOS SANTOS','00876139489','28/11/1982','001','0582','33949-0','7  G A C','1'),
(110,'MARCOS FERREIRA DA SILVA','05686362440','29/01/1983','237','0835','0000124-4','7  G A C','1'),
(111,'CRISONALDO DOMINGOS PEREIRA DOS SANTOS','79727930425','','237','1898-8','0505490-7','4  B COM','1'),
(112,'CRISTOVAO PEREIRA DOS SANTOS','14100371420','16/07/1957','237','1898-8','0760046-1','4  B COM','1'),
(113,'ALFREDO FRANCISCO DA SILVA','08642732407','13/07/1987','237','1784','541988-3','7  G A C','1'),
(114,'ALMIR BARBOSA DA SILVA','04910808400','27/12/1983','001','1359','8.894-3','7  G A C','1'),
(115,'EDINALDO FRANCISCO DA SILVA','10336646429','22/09/1993','237','01784','20716-0','7  G A C','1'),
(116,'FRANCISCO FERREIRA DE LIMA','08149905413','10/04/1985','001','1359-5','12.440-0','7  G A C','1'),
(117,'FRANCISCO FERREIRA DE LIMA','08149905413','10/04/1985','001','1359-5','12.440-0','7  G A C','1'),
(118,'JOAO FRANCISCO DA SILVA','08678662417','16/06/1989','001','1359','11554-1','7  G A C','1'),
(119,'JOSE ALEX DE MELO ','71347792465','16/03/1999','001','5742-8','15186-6','7  G A C','1'),
(120,'JOSE ANTONIO DA SILVA','74531387449','04/05/1970','341','8260','35988-3','7  G A C','1'),
(121,'JOSE DIEGO DE ARRUDA','10440958490','27/05/1993','237','3211','34356-0','7  G A C','1'),
(122,'JOSE FERREIRA DA SILVA FILHO','07973068465','26/08/1996','001','1359','11675-0','7  G A C','1'),
(123,'JOSE GERSONILDO DA SILVA','05623581455','22/05/1985','001','1359-5','12.378-1','7  G A C','1'),
(124,'JOSE MANOEL DA SILVA','05730700407','10/08/1985','001','0159-7','57899-1','7  G A C','1'),
(125,'JOSE MARCOS DE SOUZA','04258721492','17/12/1980','001','1359','11495-2','7  G A C','1'),
(126,'MANOEL BEZERRA DE LIMA','52841782468','10/12/1968','001','1359','12721-3','7  G A C','1'),
(127,'RIVADAL FRANCISCO DE SOUZA','08445391470','22/06/1989','001','1359','15194-7','7  G A C','1'),
(128,'WELLINGTON DE PAULA LIRA','12633031455','26/08/1996','001','1359-5','14948-9','7  G A C','1'),
(129,'ALDENI REMIGIO DA SILVA','67994059449','','104','2446','00033387-8','4 BPE','1'),
(130,'ALDENI REMIGIO DA SILVA','67994059449','','104','2446','00033387-8','4 BPE','1'),
(131,'JOSE FREDSON BARBOSA BARROS','03516383429','22/07/1980','237','0651','0000737-4','4 BPE','1'),
(132,'LINDOMAR TELES DA SILVA','69886865415','','001','0917','15900-X','4 BPE','1'),
(133,'SIVALDO BARROS DA SILVA','07032377483','05/02/1987','237','0651','0006215-4','4 BPE','1'),
(134,'EDNALDO TAVARES DA SILVA','03980462471','','001','1060 -X','16501-8','4 BPE','1'),
(135,'JACKSON DE SOUZA FERRAZ QUEIROZ','10387570454','02/11/1993','104','1433','7787181347','4 BPE','1'),
(136,'JOSE LEANDRO DUARTE DE SIQUEIRA ','09395655445','26/07/1992','237','0586','72778-4','4 BPE','1'),
(137,'JOSE MAXIMILIANO GINIOTTO MEDEIROS','10153393440','25/07/1992','001','1060-X','18366-0','4 BPE','1'),
(138,'JULIO NUNES DE SANTANA','07661195488','19/06/1989','001','1060','14688-9','4 BPE','1'),
(139,'ROMERIO CATARINA DE SOUSA','04709023450','20/02/1984','001','2714','13002-8','4 BPE','1'),
(140,'ROMERIO CATARINA DE SOUSA','04709023450','20/02/1984','001','2714','13002-8','4 BPE','1'),
(141,'RONY KLEBER PEREIRA DE ALCANTARA','06970963438','01/10/1986','001','2714-6','16263-9','4 BPE','1'),
(142,'RONY KLEBER PEREIRA DE ALCANTARA','06970963438','01/10/1986','001','2714-6','16263-9','4 BPE','1'),
(143,'CICERO GENERINO DA COSTA','03953583450','18/03/1975','001','0159','62311-3','7  G A C','1'),
(144,'CICERO MANOEL DA SILVA','01495073483','01/01/2000','237','0835','24890-8','7  G A C','1'),
(145,'ERTON FELIPE ARRUDA SILVA','08236715426','06/06/1988','237','3211','16503-4','7  G A C','1'),
(146,'FLAVIO MIGUEL DE SOUZA','03451250454','08/08/1978','001','4637','112080-8','7  G A C','1'),
(147,'GERONILDO MANOEL DE LIMA','04293699481','04/10/1977','001','4637','112.985-6','7  G A C','1'),
(148,'JAEDSON VALDECI DA SILVA','09738325412','03/04/1990','004','0054','35190-4','7  G A C','1'),
(149,'JOSE LEANDRO DA SILVA','11900811480','23/08/1985','033','4045','01032027-4','7  G A C','1'),
(150,'JOSE ROBERTO HENRIQUE LEAL','61345202415','05/08/1969','237','0835','21917-7','7  G A C','1'),
(151,'JOSE WEDSON DA SILVA','09954273484','16/03/1991','001','1359','13481-3','7  G A C','1'),
(152,'MALBIVAN CICERO DA SILVA','08491790411','18/05/1987','237','0835','0020682-2','7  G A C','1'),
(153,'ROBERIO BATISTA DA SILVA','08909858478','11/08/1988','001','1643-8','19235-X','7  G A C','1'),
(154,'ROMILDO DE MOURA SIMPLICIO','36302716420','09/10/1963','001','4637','112659-8','7  G A C','1'),
(155,'SEVERINO JOSE DE MOURA','62768492434','01/01/2000','001','4637','29894-8','7  G A C','1'),
(156,'THALES HENRIQUE DE FRANCA MOURA','13219453457','22/01/1997','001','0582','34798-1','7  G A C','1'),
(157,'DANILO ARRUDA DO NASCIMENTO','09852983407','23/09/1990','001','1019-7','17.902-7','4  B COM','1'),
(158,'DIEGO BARBOSA LOPES','70017391466','28/01/1993','001','1019-7','20.668-7','4  B COM','1'),
(159,'DRAITON LEAL AGUIAR','04387232447','11/07/1982','001','2508-9','105716-2','4  B COM','1'),
(160,'EDMILSON ARAUJO BARBOSA','41224205472','07/05/1964','001','1019-7','16.077-6','4  B COM','1'),
(161,'EDUARDO BARBOSA LINS','05997296431','','001','1019-7','19.098-5','4  B COM','1'),
(162,'FRANCISCO SERGIO DE AGUIAR FILHO','11601638477','15/04/1994','001','8101-9','18.220-6','4  B COM','1'),
(163,'GENIVAN BARBOSA LUCENA','69219737434','','237','1344-7','0740227-9','4  B COM','1'),
(164,'GINALDO GOMES DA SILVA','02230930419','','001','1019-7','13.290-X','4  B COM','1'),
(165,'HELENO JOSE DA SILVA','20739850415','05/05/1946','001','1019-7','12.135-5 ','4  B COM','1'),
(166,'IVANILDO SIMAO DE SANTANA','02281358429','','001','1019-7','19.163-9','4  B COM','1'),
(167,'JAILTON JOSE DA SILVA','05571549440','13/08/1981','001','1019-7','18.568-X','4  B COM','1'),
(168,'JOSE CARLOS DA SILVA','03249156400','','001','1019-7','18.072-6','4  B COM','1'),
(169,'JOSE WELLITON BARBOSA DE SOUZA','11598126407','','001','3331-6','137.625-X','4  B COM','1'),
(170,'JUNIOR DE LUCENA MEIRA','05371721495','19/06/1984','001','1019-7','7.044-0','4  B COM','1'),
(171,'LUIZ GONZAGA DE SOUZA','06926123780','','001','1019-7','16156-X','4  B COM','1'),
(172,'NILTON FRANCISCO DE ARRUDA','50386018472','04/03/1965','756','4480','14621','4  B COM','1'),
(173,'PATRICIO BARBOSA DE FIGUEIREDO','69219702487','','001','1346-3','17.097-6','4  B COM','1'),
(174,'EMIVAL FELIPE DA SILVA OLIVEIRA','71277240400','14/09/1992','001','0233','72572-2','14 BIMTZ','1'),
(175,'JOSE VITAL DE OLIVEIRA','19786662415','','237','0283','17612-5','14 BIMTZ','1'),
(176,'ORLANDO LAUREANO DOS SANTOS','88768848404','22/07/1987','001','0922-9','45375-7','14 BIMTZ','1'),
(177,'RODRIGO DA SILVA PEIXOTO','05525536463','16/02/1984','001','1359','10668-2','14 BIMTZ','1'),
(178,'CICERO MELO DO NASCIMENTO ','06510743477','16/03/1986','341','7922','17548-9','4 BPE','1'),
(179,'GILBERTO SANTANA DA SILVA','07306390457','09/02/1986','341','6515','29776-7','4 BPE','1'),
(180,'JOSE EUDES FERREIRA AMORIM','02239273410','07/12/1976','001','0608-4','22299-2','4 BPE','1'),
(181,'JOSE RIVALDO NUNES','64352080420','22/11/1966','001','2699-9','14518-1','4 BPE','1'),
(182,'VADEILTON DA SILVA MELO','03413858408','22/06/1980','001','0570-3','107775-9','4 BPE','1'),
(183,'ADEILDO LIMA CAVALCANTE','08398274409','27/09/1988','237','3212','0008513-8','7  G A C','1'),
(184,'ADRIANO MONTEIRO DE MATOS','05782266422','13/11/1985','237','3212','0579682-2','7  G A C','1'),
(185,'ANTONIO MARCOS ALVES DE LIMA ','07819077484','03/07/1988','341','7189','00913-2','7  G A C','1'),
(186,'ELENILSON ANTONIO DOS SANTOS','08801480474','16/02/1988','001','1666-7','108698-7','7  G A C','1'),
(187,'GILMAR JOSE DA SILVA','02260351409','17/05/1977','237','1898-8','510770-9','7  G A C','1'),
(188,'HEMERSON TADEU DE OLIVEIRA BATISTA SILVA','08778245419','09/05/1989','237','1743','60442-9','7  G A C','1'),
(189,'HEMERSON TADEU DE OLIVEIRA BATISTA SILVA','08778245419','09/05/1989','237','1743','60442-9','7  G A C','1'),
(190,'IVANILDO FERREIRA DA SILVA','62248235453','10/07/1968','001','0067','42385-8','7  G A C','1'),
(191,'JOAO FLAVIO DO NASCIMENTO','12490875469','07/06/1997','001','2437','23606-3','7  G A C','1'),
(192,'JOSE ALDICELIO DE SALES','01181186412','12/04/1982','001','4637','22377-8','7  G A C','1'),
(193,'JOSE INALDIO VILELA FILHO','76497151400','18/06/1975','001','0537','10368-3','7  G A C','1'),
(194,'JOSE PAULO OLIVEIRA BATISTA SILVA','23565897830','31/05/1993','001','8257','1448-6','7  G A C','1'),
(195,'JOSE RUBEM DA SILVA','54964946487','01/01/1967','001','1634-9','14755-9','7  G A C','1'),
(196,'JOSE RUBEM DA SILVA','54964946487','01/01/1967','001','1634-9','14755-9','7  G A C','1'),
(197,'MANOEL AIRTON DE SOUSA','05501859416','26/11/1985','237','0493','28.292-8','7  G A C','1'),
(198,'MAURICIO DE SOUZA SILVA','09047599462','04/03/1989','341','9106','37109-0','7  G A C','1'),
(199,'MAURILO AMADEU DOS SANTOS','03166778411','16/10/1977','237','6040','0620392-2','7  G A C','1'),
(200,'RAIMUNDO ANTONIO DO NASCIMENTO','80505619849','15/04/1954','001','1153','11661-0','7  G A C','1'),
(201,'SEVERINO NEGROMONTE DE ARRUDA','19002815468','25/12/1955','001','5827','24091-5','7  G A C','1'),
(202,'TANCREDO NEVES DA COSTA SILVA','06379173404','17/12/1984','001','2508-9','26260-9','7  G A C','1'),
(203,'VALDEMIR DA SILVA SANTOS','04606461411','14/03/1982','237','3212-3','0004242-0','7  G A C','1'),
(204,'YURI KESSIO PEREIRA DA SILVA','09409008409','29/12/1988','341','6515','46240-3','7  G A C','1'),
(205,'CARLOS ANDRE FERREIRA DA SILVA','03536569412','01/01/2000','001','1346','11385-9','7  G A C','1'),
(206,'EDICARLOS DINIZ XAVIER','87990415453','19/08/1973','004','0054','16668-6','7  G A C','1'),
(207,'HYTALO TADEU DA SILVA CORDEIRO','12197097431','01/01/2000','001','2219','24782-0','7  G A C','1'),
(208,'JOSE PAULINO DA SILVA','12037344414','01/01/2000','001','1359','15006-1','7  G A C','1'),
(209,'EZAU LINS DE ANDRADE','07527005459','30/11/1987','001','1739-6','15945-X','14 BIMTZ','1'),
(210,'GILBERTO HENRIQUE DE MELO MORAIS','29332010463','23/07/1960','104','2170','7827700030','14 BIMTZ','1'),
(211,'WASHINGTON LUIZ COUTO DOS SANTOS','07318378430','14/10/1987','001','5898-X','23976-3','14 BIMTZ','1'),
(212,'JOAO FERREIRA DE MELO','21137757434','20/09/1951','004','0017','46384-3','14 BIMTZ','1'),
(213,'GENILSON JOSE DA SILVA','06395060465','11/08/1984','237','1784','10257-1','7  G A C','1'),
(214,'GILSON JOSE DA SILVA','05055765461','09/02/1983','001','1837','66170-8','7  G A C','1'),
(215,'ADRIANO DA PAZ HERMINIO','03692525435','02/06/1981','001','0229-1','25279-4','4  B COM','1'),
(216,'FRANCISCO DOS SANTOS FILHO','23890800491','11/10/1961','237','3215-8','0022338-7','4  B COM','1'),
(217,'GILSON CLOVIS BEZERRA DELGADO','71500685372','23/01/1976','237','1334','4278-1','4  B COM','1'),
(218,'GIVONALDO PATRICIO DE MELO','92910742415','01/10/1975','001','0229-1','5785-1','4  B COM','1'),
(219,'JEFFERSON RENATO PEREIRA SAMPAIO','07500427450','05/11/1986','001','2697-2','14873-3','4  B COM','1'),
(220,'JOEL ESTEVAM SOARES','04207067477','06/06/1981','237','5781-9','0013687-5','4  B COM','1'),
(221,'JOSE ADMILTON FERREIRA BEZERRA','06302783852','07/10/1961','001','0229-1','23.178-9','4  B COM','1'),
(222,'JOSE DE OLIVEIRA LIMA','75389185404','12/05/1971','104','3315','12562-0','4  B COM','1'),
(223,'MANOEL ANILTO NEVES DA SILVA','39542904487','28/05/1963','237','5781-9','8586-3','4  B COM','1'),
(224,'MANUEL DA SILVA LEITE','08845882462','22/12/1986','001','0007-8','44533-9','4  B COM','1'),
(225,'ARTHUR TERTULIANO ANDRADE DA SILVA','08888359494','15/04/1989','237','2295-0','10511-2','4  B COM','1'),
(226,'GILVAN DE BRITO SILVA','45067295449','29/10/1963','001','0229-1','22342-5','4  B COM','1'),
(227,'JOSE FLAVIO ROCHA FERREIRA','21950849449','05/10/2023','001','0229-1','23146-0','4  B COM','1'),
(228,'ANTONIO FRANCISCO DA SILVA ','04098922460','10/06/1981','001','1359','10474-4','7  G A C','1'),
(229,'ANTONIO FRANCISCO DA SILVA ','04098922460','10/06/1981','001','1359','10474-4','7  G A C','1'),
(230,'JOSE ARNALDO PESSOA DA SILVA','19859643415','01/12/1959','001','2413','12335-8','7  G A C','1'),
(231,'MARCOS ANDRE ABDIAS DA SILVA','05470377407','11/05/1982','001','1359','13880-0','7  G A C','1'),
(232,'SEBASTIAO PEREIRA DA SILVA FILHO','97483516453','06/11/1961','341','2917','05971-5','7  G A C','1'),
(233,'ALEX PEREIRA DE MELO','09857553427','24/05/1990','001','2564-X','16621-9','14 BIMTZ','1'),
(234,'CLAUDERLAN RODRIGUES DA SILVA','11505417414','15/02/1995','001','4368-0','11697-1','14 BIMTZ','1'),
(235,'EDMILSON VASCONCELOS SILVA','38957922415','01/01/1990','237','3212-3','0571552-0','14 BIMTZ','1'),
(236,'EDVANDRO ALVES PEREIRA','04556446406','04/02/1982','001','1162-2','6020-8','14 BIMTZ','1'),
(237,'ERANDES PAULINO DA SILVA ','09965934460','17/07/1993','001','5898-X','6423-8','14 BIMTZ','1'),
(238,'FAUSTO GALINDO SERENO','06686972886','20/06/1964','001','2229-2','9265-7','14 BIMTZ','1'),
(239,'FELIPE DOUGLAS BEZERRA ELIAS','10242585485','24/07/1991','237','6036-4','0006313-4','14 BIMTZ','1'),
(240,'FELIPE DOUGLAS BEZERRA ELIAS','10242585485','24/07/1991','237','6036-4','0006313-4','14 BIMTZ','1'),
(241,'GILMAR BARBOSA DOS SANTOS','05636365489','18/07/1984','001','1012-X','17.631-1','14 BIMTZ','1'),
(242,'GLEDSON MARCEL SILVA SANTOS','04175452400','30/01/1982','001','2229-2','12918-6','14 BIMTZ','1'),
(243,'JACKELLYSON DA SILVA BARBOSA','12287084444','27/06/1998','001','2259-4','15.258-7','14 BIMTZ','1'),
(244,'JANDSON FLAVIO BEZERRA DE OLIVEIRA','06697256419','14/06/1985','237','3215-8','05102596','14 BIMTZ','1'),
(245,'JOSE CARLOS MELO DA SILVA','10366485830','19/03/1968','237','3212','579584-2','14 BIMTZ','1'),
(246,'JOSE EMAKSUEL HONORATO R. DOS SANTOS','09924429400','21/06/1992','104','3547','00022240-3','14 BIMTZ','1'),
(247,'JOSE FERREIRA DE ASSIS','09548831449','08/01/1983','001','0331-X','7828-X','14 BIMTZ','1'),
(248,'JOSE LIDEONE DA SILVA SANTOS','07410912405','19/03/1980','237','3212-3','1008711-2','14 BIMTZ','1'),
(249,'JOSE NIRALDO HENRIQUE DA ROCHA','40847284468','05/05/1965','001','0136-8','16912-9','14 BIMTZ','1'),
(250,'JOSE PEREIRA DOS SANTOS','81547307404','18/07/1960','237','3230-1','0695820-6','14 BIMTZ','1'),
(251,'MAURICIO GONCALVES ','06542616446','08/11/1986','001','1280-7','8163-9','14 BIMTZ','1'),
(252,'MAURILIO ANTONIO RODRIGUES DE ALMEIDA','02292049457','12/06/1972','001','2229-2','9390-4','14 BIMTZ','1'),
(253,'PALMERIO FERREIRA BARBOSA ','92313663434','05/05/1970','001','2259-4','18.412-8','14 BIMTZ','1'),
(254,'RAMON VICTOR VANDERLEY DINIZ','12948003458','30/12/1996','001','2229-2','12998-4','14 BIMTZ','1'),
(255,'AGRA E SILVA TRANSPORTES LTDA-ME','27593923000150','','237','6192-1','5536-0','14 BIMTZ','2'),
(256,'DIAS DE SOUZA TRANSPORTES','44653031000117','','','','','14 BIMTZ','2'),
(257,'DIAS DE SOUZA TRANSPORTES','44653031000117','','','','','14 BIMTZ','2'),
(258,'J M TRASPORTE LTDA','35044249000183','','001','0542','69819-9','14 BIMTZ','2'),
(259,'MARIA LAIS C G DE LIMA','30944742000136','','','','','14 BIMTZ','2'),
(260,'RONALDO C. CORDEIRO TRANSPORTES ME','29393232000139','','001','2107','14.497-5','14 BIMTZ','2'),
(261,'RP ALBUQUERQUE','23097755000151','','237','3230-1','4942-5','14 BIMTZ','2'),
(262,'GISELDO DANIEL ANDRADE DA SILVA','09459659403','23/03/1992','004','00008','14686-7','14 BIMTZ','1'),
(263,'JONAS JOSE DE SOUZA','03072901406','26/06/1979','001','1359-5','14332-4','14 BIMTZ','1'),
(264,'JOSE FERNANDO OLIVEIRA','05963037425','10/10/1982','237','0283-6','18757-7','14 BIMTZ','1'),
(265,'JOSE LEANDRO DA SILVA','11691487430','28/12/1995','001','1643-8','23024-3','14 BIMTZ','1'),
(266,'JOSINALDO GONCALVES LEITE','25878522420','01/01/1990','001','2437-6','11.155-4','14 BIMTZ','1'),
(267,'MANOEL JOSE DA SILVA IRMAO ','05138545418','18/04/1983','104','0051','8019110729','14 BIMTZ','1'),
(268,'MIGUEL JOSE DE SOUZA JUNIOR','04363676450','','001','0233-X','55793-5','14 BIMTZ','1'),
(269,'NAILSON PEIXOTO DE ARRUDA','02996263421','10/01/1975','001','1359-5','14069-4','14 BIMTZ','1'),
(270,'ROBERIO JOSE DE SANTANA','54866766468','','001','24732','119644','14 BIMTZ','1'),
(271,'SEVERINO GOMES DA SILVA','06694905475','15/04/1985','001','1359-5','15.198-X','14 BIMTZ','1'),
(272,'TACYCLEBER CHAVES DE FREITAS','07037115479','','237','0493','0635693-1','4  B COM','1'),
(273,'ALFREDO SEVERINO DOS SANTOS','07039308428','26/03/1987','237','3211','0614692-9','7  G A C','1'),
(274,'ATAIDE JOSE DOS SANTOS','05067598492','13/08/1980','001','159','114511','7  G A C','1'),
(275,'CESAR ALEXANDRE CARDOSO','02561047431','22/08/1976','001','0159','112557-5','7  G A C','1'),
(276,'COSME JAILSON DA SILVA','65230752491','01/01/2000','237','3211','615881-1','7  G A C','1'),
(277,'EUGENIO CLOVES TAUMATURGO DE ARRUDA','03714677488','05/12/1966','237','1784','541020-7','7  G A C','1'),
(278,'FRANCISCO FERREIRA DE SALES NETO','08261966402','24/11/1987','001','4997-2','5960-9','7  G A C','1'),
(279,'GILVAN DO NASCIMENTO SANTOS','07778713438','09/01/1989','237','3211','125979-2','7  G A C','1'),
(280,'JAILTON JOSE DE OLIVEIRA','06263644427','01/09/1984','033','4017','010635159','7  G A C','1'),
(281,'JOSE KAICK DA FONSECA LUCENA','70449417450','07/12/1995','237','3211','122857-9','7  G A C','1'),
(282,'JOSE VALDEILDO DE LIRA','02329836406','08/06/1972','001','0159','112882-5','7  G A C','1'),
(283,'LENILDO HELENO DA SILVA','07186974481','01/03/1987','001','1359','10624-0','7  G A C','1'),
(284,'LUCIVALDO NIVALDO DA SILVA','03916613456','26/05/1982','001','1359','14328-6','7  G A C','1'),
(285,'LUIZ GONZAGA CARDOSO JUNIOR','03922478441','28/03/1981','001','0159','113.316-0','7  G A C','1'),
(286,'MATHEUS HENRIQUE BARBOSA CORREIA','08477719462','18/05/1995','001','1359','14709-5','7  G A C','1'),
(287,'RENATO PEIXOTO DE ARRUDA','04789743454','21/02/1984','001','1359','12124-X','7  G A C','1'),
(288,'TIAGO CLEMERSON CARDOSO','08083013498','30/08/1988','001','0159','83712-1','7  G A C','1'),
(289,'JOAO MANOEL DE MELO','05585526413','11/11/1982','001','1359-5','9770-5','7  G A C','1'),
(290,'JOSE CARLOS DA SILVA','01391998456','10/09/1983','237','1784','27024-5','7  G A C','1'),
(291,'JOSE CARLOS DA SILVA','01391998456','10/09/1983','237','1784','27024-5','7  G A C','1'),
(292,'JOSE ROQUE DE ARRUDA','37186779468','16/08/1964','033','4067','1022671-8','7  G A C','1'),
(293,'CICERO NUNES DA COSTA','48246360434','25/01/1965','001','0673-4','47.007-4','4  B COM','1'),
(294,'JONAS MENDES DA SILVA','02099740445','','001','3331-6','53.811-6','4  B COM','1'),
(295,'JOSE ANTONIO FILHO','91755077491','13/06/1975','001','1654-3','5.789-4','4  B COM','1'),
(296,'JOSE FELIX BEZERRA','14570424449','06/01/1956','237','1783-3','0030701-7','4  B COM','1'),
(297,'ROSENILDO GONCALVES DA SILVA','04345294436','08/11/1982','341','2917','07552-1','4  B COM','1'),
(298,'SERGIO MARQUES DOS PRAZERES','02632681448','21/01/1977','237','1783','32378-0','4  B COM','1'),
(299,'WALTER BARBOSA DA SILVA','05457390470','25/05/1988','237','5784-3','0006476-9','4  B COM','1'),
(300,'ADIJAILSON JOSE DOS SANTOS','11798344459','','237','0835-4','26242-0','4  B COM','1'),
(301,'ALEXANDRO NASCIMENTO DA SILVA','11852395451','','237','0835-4','0014668-4','4  B COM','1'),
(302,'AYRTON AMADO CHAGAS','12090036435','','237','0835-4','671330-0','4  B COM','1'),
(303,'EDNO JOSE ALVES','74237209415','','001','0582-7','29.150-1','4  B COM','1'),
(304,'JOSE HILTON PESSOA','07867146466','','001','0582-7','29566-3','4  B COM','1'),
(305,'JOSE LIMA DO NASCIMENTO','16836383449','','237','0835-4','0004724-4','4  B COM','1'),
(306,'JOSE LUCINEI FERREIRA','05202187440','28/04/1982','237','0835-4','0010836-7','4  B COM','1'),
(307,'JOSE MARCELO MARQUES','08852314490','','001','0582','37.151-3','4  B COM','1'),
(308,'JOSE RAMOM COSTA GOMES','11886473420','01/04/1996','237','0835-4','0027910-2','4  B COM','1'),
(309,'RAFAEL BARBOSA DA SILVA','36801192833','03/05/1989','237','0835-4','847-8','4  B COM','1'),
(310,'EDNAEL CRISTIANO DOS SANTOS','05176252457','21/02/1983','001','2739-1','24925-4','4 BPE','1'),
(311,'LINDOMAR MARCOLINO DOS SANTOS','00908570465','05/12/1975','001','2739-1','13430-9','4 BPE','1'),
(312,'DOMINGOS SAVIO DA SILVA FILHO','05415173412','26/02/1984','104','1038','24153-7','7  G A C','1'),
(313,'FABRICIO FERREIRA SANTOS','60777451468','25/12/1970','004','273','3258-5','7  G A C','1'),
(314,'FRANSUALDO BEZERRA DA COSTA','09061280486','12/07/1991','001','2508','26620-5','7  G A C','1'),
(315,'IALISSON CARLOS QUEIROZ DE SOUZA','06949733437','04/06/1988','001','1153','111752-1','7  G A C','1'),
(316,'JOSE ALEXANDRE BARBOSA','08220651776','09/07/1978','001','2508','16351-1','7  G A C','1'),
(317,'JOSE ALEXANDRE BARBOSA','08220651776','09/07/1978','001','2508','16351-1','7  G A C','1'),
(318,'JOSE SEVERINO DA SILVA','04564772414','28/07/1983','001','2508-9','18658-9','7  G A C','1'),
(319,'OSVALDO LEAL MACIEL','76970213820','03/01/1955','001','1153','112863-9','7  G A C','1'),
(320,'OSVALDO LEAL MACIEL','76970213820','03/01/1955','001','1153','112863-9','7  G A C','1'),
(321,'BENEDITO BEVENUTO DE LIMA','01067674454','15/08/1977','004','0054','018154-5','7  G A C','1'),
(322,'BENEDITO BEVENUTO DE LIMA','01067674454','15/08/1977','004','0054','018154-5','7  G A C','1'),
(323,'CARLOS ALEXANDRE DA SILVA','04842156473','25/12/1979','237','0835','25644-7','7  G A C','1'),
(324,'CARLOS ANTONIO DA SILVA','00981884458','28/11/1979','237','0835','0504715-3','7  G A C','1'),
(325,'DANIEL JOSE DE VASCONCELOS ','92074855400','23/04/1974','237','0835','2142-3','7  G A C','1'),
(326,'JOSE LINDOBERTO DA SILVA','08732206410','07/12/1988','001','0582','33303-4','7  G A C','1'),
(327,'JOSE LUIZ IRMAO','29983142449','02/05/1959','237','0835-4','256773','7  G A C','1'),
(328,'JOSE LUIZ IRMAO','29983142449','02/05/1959','237','0835-4','256773','7  G A C','1'),
(329,'LEONILDO OTONILO DA SILVA','29984777472','30/04/1959','033','4067','01000049-7','7  G A C','1'),
(330,'MOISES ALEIXO FILHO','02596645459','24/08/1976','237','0835','0011792-7','7  G A C','1'),
(331,'PAULO LEANDRO DO NASCIMENTO','63289920410','27/03/1968','237','0835','0010402-7','7  G A C','1'),
(332,'ROGERIO FERREIRA DA SILVA','02625086483','09/05/1978','237','0835','29715-1','7  G A C','1'),
(333,'ROGERIO FERREIRA DA SILVA','02625086483','09/05/1978','237','0835','29715-1','7  G A C','1'),
(334,'ERIVALDO CORDEIRO DE FREITAS','50042149487','12/09/1964','001','0229-1','9.374-2','4  B COM','1'),
(335,'ADRIANO FELIX DOS SANTOS','03397159440','','001','0229-1','23.016-2','4  B COM','1'),
(336,'FRANCISCO DE ASSIS MINEIRO QUEIROZ','08168839471','07/02/1988','237','5781-9','0705980-9','4  B COM','1'),
(337,'ANTONIO BRUNO MOURATO DE SOUSA','03028706440','29/12/1978','033','4124','02000558-9','4 BPE','1'),
(338,'FELISBERTO INACIO DE OLIVEIRA','22712879449','06/05/1959','001','0246','36770-2','4 BPE','1'),
(339,'ISAIAS LUIZ DE FRANCA','81639406468','','104','0914','00700011-9','4 BPE','1'),
(340,'JONH KENNEDY PEREIRA MOURATO JUNIOR','01519872461','29/07/1990','001','0246-1','20023-9','4 BPE','1'),
(341,'JOSE ALFREDO DA SILVA OLIVEIRA','10417988494','','001','0246-1','35496-1','4 BPE','1'),
(342,'RAIMUNDO NONATO DA SILVA','72887923404','25/09/1970','001','0246-1','30268-6','4 BPE','1'),
(343,'THALES FERNANDO ARAUJO SOUZA','11172521409','27/11/1984','001','0246-1','44732-3','4 BPE','1'),
(344,'THALES FERNANDO ARAUJO SOUZA','11172521409','27/11/1984','001','0246-1','44732-3','4 BPE','1'),
(345,'JOSE EDSON DE ARAUJO SANTOS','05391812429','19/03/1984','001','0570-3','106.780-X','4 BPE','1'),
(346,'JOSE GILDO DA SILVA','77259548487','14/01/1973','341','0453','63796-9','4 BPE','1'),
(347,'JOSE PEREIRA DO NASCIMENTO FILHO','23850442420','12/04/1961','104','0915','00021010-5','4 BPE','1'),
(348,'KAYKE JHEYSON SILVA LUCENA ','11332318452','09/03/1993','001','0159-7','113259-8','4 BPE','1'),
(349,'EDIMAR RODRIGUES DA SILVA','08208253448','13/04/1990','001','1060-X','16446-1','4 BPE','1'),
(350,'GENILDO ALCANTARA DE BRITO','07529140493','11/02/1987','104','1433','25236-6','4 BPE','1'),
(351,'JAIR ALVES GALDINO','06857938423','28/02/1988','001','0570-3','31406-4','4 BPE','1'),
(352,'JOSE ANTONIO GOMES DE ARAUJO','05377140494','13/06/1984','237','2542-9','25993-4','4 BPE','1'),
(353,'VANDECIO FERNANDES DE LIMA','08582741405','08/06/1989','001','1754','0584-3','4 BPE','1'),
(354,'JOSE MARINALDO DE MENESES','54876141487','28/12/1966','001','2697-2','14.393-6','4  B COM','1'),
(355,'JOSINALDO PEREIRA MATOS','06159851497','02/03/1984','237','5781','17832-2','4  B COM','1'),
(356,'LUCAS CORDEIRO DE MENEZES','70255373490','29/08/1994','001','2697-2','16828-9','4  B COM','1'),
(357,'DANIEL ANTONIO DA SILVA','08299526400','13/09/1988','237','0835','0643295-6','7  G A C','1'),
(358,'GERIL SILVA ANDRADE','03548936458','','001','0582','29887-5','7  G A C','1'),
(359,'GILSON GOMES DA SILVA JUNIOR','04238959400','08/11/1983','237','0835','12928-3','7  G A C','1'),
(360,'JACIEL CARDOSO SILVA','05713753409','18/12/1984','033','4067','1026756-4','7  G A C','1'),
(361,'JOSE VALTERLI DUARTE DE LIMA','03901168400','03/06/1981','237','0835-4','0015702-3','7  G A C','1'),
(362,'JOSE WILAMEM ROCHA DA SILVA','05900261433','20/08/1983','033','4067','1028167-6','7  G A C','1'),
(363,'JUSCELINO GOMES DA SILVA','03222514437','13/08/1978','104','1295','21544-5','7  G A C','1'),
(364,'MARCONY DE ARRUDA SILVA','04239913454','16/01/1983','001','0582','31499-4','7  G A C','1'),
(365,'MAURICIO SOUZA DE ARRUDA','09455383403','04/04/1990','237','0835','0642145-8','7  G A C','1'),
(366,'NIVALDO MOISES BRITO DA SILVA','06497885404','26/11/1985','001','0582','34521-0','7  G A C','1'),
(367,'JOSINALDO PEREIRA DA SILVA','03571978447','18/10/1979','001','2699-9','16229-9','4 BPE','1'),
(368,'JOSINALDO PEREIRA DA SILVA','03571978447','18/10/1979','001','2699-9','16229-9','4 BPE','1'),
(369,'JULIAN FRANCO DE BRITO FERREIRA','73231860482','27/06/1971','001','0570-3','22.740-4','4 BPE','1'),
(370,'PEDRO PEREIRA TARGINO','02536908461','10/07/1977','001','2714','28291-X','4 BPE','1'),
(371,'PEDRO PEREIRA TARGINO','02536908461','10/07/1977','001','2714','28291-X','4 BPE','1'),
(372,'CELIO MATEUS DA SILVA ','11767033400','08/06/1995','237','6991','0001304-8','14 BIMTZ','1'),
(373,'CICERO DA SILVA SANTANA','06755499498','29/01/1987','001','0067-1','21372-1','14 BIMTZ','1'),
(374,'EDNALDO CAETANO DE FRANCA','13150429838','01/01/1990','001','0721','20.809-4','14 BIMTZ','1'),
(375,'JAILSON SOARES DA SILVA','04960539496','01/01/1990','033','4017','01068717-0','14 BIMTZ','1'),
(376,'JOSE ALTAIR GOMES','57791570491','06/09/1968','237','3211','0614234-6','14 BIMTZ','1'),
(377,'TIAGO JOSE SILVA BRITO COSTA','09260769493','01/01/1990','237','5784-3','0004045-2','14 BIMTZ','1'),
(378,'VALMIR SEBASTIAO SOUSA DA SILVA','07431593490','01/03/1987','001','0721-8','47684-6','14 BIMTZ','1'),
(379,'ANIBAL CINTRA DE LIMA','06651968491','10/04/1951','001','1153','2038-9','7  G A C','1'),
(380,'ANIBAL CINTRA DE LIMA','06651968491','10/04/1951','001','1153','2038-9','7  G A C','1'),
(381,'DIOGENIS COSTA DE BRITO','03246538409','15/10/1978','033','4182','01076811-5','7  G A C','1'),
(382,'EDEMI TAVARES DE SANTANA','09836114408','15/07/1990','001','0067','33913-X','7  G A C','1'),
(383,'GOLBERI ANTONIO BEZERRA DA TRINDADE','56778619449','07/08/1966','001','2508-9','20.086-7','7  G A C','1'),
(384,'JOSE ELINALDO DE ANDRADE CARVALHO','07473895435','26/04/1987','001','1689','16.691-X','7  G A C','1'),
(385,'JOSE EURANDI DA SILVA','34963570459','24/02/1963','001','1153','13262-4','7  G A C','1'),
(386,'JOSE EURANDI DA SILVA','34963570459','24/02/1963','001','1153','13262-4','7  G A C','1'),
(387,'JOSE FLAVIO ALVES SILVA','01926006488','24/11/1975','237','3215','22835-4','7  G A C','1'),
(388,'JOSE MARCOS ROCHA JUSTINO','07147365461','30/11/1982','001','2244','26351-6','7  G A C','1'),
(389,'JOSE SILVANILDO TEOTONIO DE PONTES','43429327415','08/03/1966','001','4076','5508-5','7  G A C','1'),
(390,'REGINALDO GONCALVES LEITE','19165110404','22/02/1959','001','2437','105073-7','7  G A C','1'),
(391,'RODRIGO DE FRANCA ALVES','03987979437','02/04/1981','341','0491','03185-2','7  G A C','1'),
(392,'RUDNERI DA COSTA TRINDADE','10499069420','01/01/2000','001','1654-3','17.256-1','7  G A C','1'),
(393,'SEVERINO SEBASTIAO DE FRANCA','07610490458','04/03/1987','001','1359','13778-2','7  G A C','1'),
(394,'SILVANO ROGERIO DOS SANTOS','03848495473','24/04/1980','001','2508-9','26201-3','7  G A C','1'),
(395,'CARLOS ALEXANDRE DA SILVA','03531509403','26/03/1980','237','3211','0614193-5','7  G A C','1'),
(396,'EDIMILSON BEZERRA CAVALCANTI','26510599864','10/06/1977','001','1153','108339-2','7  G A C','1'),
(397,'LEONARDO FERREIRA BARBOSA','03517794422','01/12/1979','001','1153','105.127-X','7  G A C','1'),
(398,'SEVERINO FRANCISCO XAVIER','19869460453','14/11/1955','033','4067','01026843-1','7  G A C','1'),
(399,'JOAO LUCAS BEZERRA DE OLIVEIRA ME','2,68576E+13','','104','2251','3000019344','7  G A C','1'),
(400,'ALENCAR BATISTA DOS SANTOS','09679185451','05/01/1992','001','2520','15646-9','4 BPE','1'),
(401,'ALEXSANDRO GOMES DE ALBUQUERQUE ','04752222450','13/03/1983','001','1346-3','13.150-4','4  B COM','1'),
(402,'ENIVALDEK BARBOSA DE LIRA','05151259466','14/10/1983','001','1346-3','16.065-2','4  B COM','1'),
(403,'JOAO MARCIO BARBOSA','27954352846','09/03/1979','001','1346-3','13.705-7','4  B COM','1'),
(404,'JOSE AGNALDO BARBOSA','02202799427','','001','1346-3','9.941-4','4  B COM','1'),
(405,'JOSE LUIZ BARBOSA','70148481191','','001','1346-3','14.533-5','4  B COM','1'),
(406,'JUARES RODRIGUES DO NASCIMENTO','99713144449','','001','1346-3','17.271-5','4  B COM','1'),
(407,'LEANDRO FERREIRA DA SILVA','11624005446','','001','1346-3','18.066-1','4  B COM','1'),
(408,'PEDRO GOMES DE ALBUQUERQUE','07521473400','','001','1346-3','11.921-0','4  B COM','1'),
(409,'ANTONIO CARLOS DE SOUZA BARBOSA','12568350482','26/03/1955','237','0835','0014612-9','7  G A C','1'),
(410,'CARLOS EDUARDO ALBUQUERQUE DO NASCIMENTO','08143740420','10/02/1988','237','3206','0466285-7','7  G A C','1'),
(411,'HERIM OLIVEIRA DO NASCIMENTO','02634912420','01/04/1977','341','2917','06956-5','7  G A C','1'),
(412,'MANOEL JOSE GOMES BARBOSA','03315757445','17/10/1975','237','0835','00521789-0','7  G A C','1'),
(413,'SEBASTIAO LUIZ DO NASCIMENTO','73298034800','06/09/1949','237','0835','3016-3','7  G A C','1'),
(414,'CICERO BEZERRA DE ARRUDA','03275467433','10/05/1979','033','4067','01028404-0','7  G A C','1'),
(415,'DOUGLAS ARAUJO DOS SANTOS','10499699440','12/12/1992','001','1153','112944-9','7  G A C','1'),
(416,'JEFFERSON JOSE DE SOUSA','07263463490','10/09/1985','001','1153','108357-0','7  G A C','1'),
(417,'JOELSON MANOEL DE LIMA','02647464499','29/12/1977','001','1153','106501-7','7  G A C','1'),
(418,'JOSE DE ARIMATEA SOARES DA SILVA JUNIOR','11692192418','30/06/1998','001','1153','23860-0','7  G A C','1'),
(419,'JOSE JOAIS DIAS DE LIMA','14170282892','04/05/1972','001','1153','112663-6','7  G A C','1'),
(420,'NAELCO MANOEL DA SILVA','79288243453','03/05/1972','237','2295','8475-1','7  G A C','1'),
(421,'NILTON GOMES FERREIRA','88260437449','20/06/1973','001','1153','108063-6','7  G A C','1'),
(422,'PAULO BARBOSA DE SOUSA LIMA','04403294421','21/01/1982','001','1153','113690-9','7  G A C','1'),
(423,'PAULO BARBOSA DE SOUSA LIMA','04403294421','21/01/1982','001','1153','113690-9','7  G A C','1'),
(424,'CARLOS FERREIRA DA SILVA','06240947407','07/07/1987','001','0229-1','28.061-5','4  B COM','1');
/*!40000 ALTER TABLE `aux_prestador` ENABLE KEYS */;
UNLOCK TABLES;

--
-- Table structure for table `bancos`
--

DROP TABLE IF EXISTS `bancos`;
/*!40101 SET @saved_cs_client     = @@character_set_client */;
/*!40101 SET character_set_client = utf8 */;
CREATE TABLE `bancos` (
  `id` bigint(20) unsigned NOT NULL AUTO_INCREMENT,
  `codigo` varchar(255) NOT NULL,
  `nome` varchar(255) NOT NULL,
  `created_at` timestamp NULL DEFAULT NULL,
  `updated_at` timestamp NULL DEFAULT NULL,
  PRIMARY KEY (`id`),
  UNIQUE KEY `bancos_codigo_unique` (`codigo`)
) ENGINE=InnoDB AUTO_INCREMENT=131 DEFAULT CHARSET=utf8mb4 COLLATE=utf8mb4_unicode_ci;
/*!40101 SET character_set_client = @saved_cs_client */;

--
-- Dumping data for table `bancos`
--

LOCK TABLES `bancos` WRITE;
/*!40000 ALTER TABLE `bancos` DISABLE KEYS */;
INSERT INTO `bancos` VALUES
(1,'1','BANCO DO BRASIL','0000-00-00 00:00:00','0000-00-00 00:00:00'),
(2,'3','BANCO DA AMAZONIA S.A.','0000-00-00 00:00:00','0000-00-00 00:00:00'),
(3,'4','BANCO DO NORDESTE DO BRASIL S.A.','0000-00-00 00:00:00','0000-00-00 00:00:00'),
(6,'19','BANCO AZTECA DO BRASIL S.A.','0000-00-00 00:00:00','0000-00-00 00:00:00'),
(7,'21','BANESTES S.A. BANCO DO ESTADO DO ESPIRITO SANTO','0000-00-00 00:00:00','0000-00-00 00:00:00'),
(10,'29','BANCO BANERJ S.A.','0000-00-00 00:00:00','0000-00-00 00:00:00'),
(12,'33','BANCO SANTANDER (BRASIL) S.A.','0000-00-00 00:00:00','0000-00-00 00:00:00'),
(14,'37','BANCO DO ESTADO DO PARÁ S.A.','0000-00-00 00:00:00','0000-00-00 00:00:00'),
(16,'41','BANCO DO ESTADO DO RIO GRANDE DO SUL S.A.','0000-00-00 00:00:00','0000-00-00 00:00:00'),
(19,'47','BANCO DO ESTADO DE SERGIPE S.A.','0000-00-00 00:00:00','0000-00-00 00:00:00'),
(25,'70','BRB - BANCO DE BRASILIA S.A.','0000-00-00 00:00:00','0000-00-00 00:00:00'),
(26,'72','BANCO RURAL MAIS S.A.','0000-00-00 00:00:00','0000-00-00 00:00:00'),
(28,'74','BANCO J. SAFRA S.A.','0000-00-00 00:00:00','0000-00-00 00:00:00'),
(38,'104','CAIXA ECONOMICA FEDERAL','0000-00-00 00:00:00','0000-00-00 00:00:00'),
(53,'229','BANCO CRUZEIRO DO SUL S.A.','0000-00-00 00:00:00','0000-00-00 00:00:00'),
(56,'237','BANCO BRADESCO S.A.','0000-00-00 00:00:00','0000-00-00 00:00:00'),
(70,'341','BANCO ITAÚ S.A.','0000-00-00 00:00:00','0000-00-00 00:00:00'),
(74,'389','BANCO MERCANTIL DO BRASIL S.A.','0000-00-00 00:00:00','0000-00-00 00:00:00'),
(79,'422','BANCO SAFRA S.A.','0000-00-00 00:00:00','0000-00-00 00:00:00'),
(80,'453','BANCO RURAL S.A.','0000-00-00 00:00:00','0000-00-00 00:00:00'),
(84,'477','CITIBANK N.A.','0000-00-00 00:00:00','0000-00-00 00:00:00'),
(121,'745','BANCO CITIBANK S.A.','0000-00-00 00:00:00','0000-00-00 00:00:00');
/*!40000 ALTER TABLE `bancos` ENABLE KEYS */;
UNLOCK TABLES;

--
-- Table structure for table `credenciamentos`
--

DROP TABLE IF EXISTS `credenciamentos`;
/*!40101 SET @saved_cs_client     = @@character_set_client */;
/*!40101 SET character_set_client = utf8 */;
CREATE TABLE `credenciamentos` (
  `id` bigint(20) unsigned NOT NULL AUTO_INCREMENT,
  `id_pipeiro` bigint(20) DEFAULT NULL,
  `id_empresa` bigint(20) DEFAULT NULL,
  `id_veiculo` bigint(20) DEFAULT NULL,
  `id_edital` bigint(20) DEFAULT NULL,
  `id_processo` bigint(20) DEFAULT NULL,
  `status` int(11) DEFAULT NULL,
  `doc_reqcred` varchar(255) DEFAULT NULL,
  `doc_cico` varchar(255) DEFAULT NULL,
  `doc_cicips` varchar(255) DEFAULT NULL,
  `doc_cqe` varchar(255) DEFAULT NULL,
  `doc_cqsm` varchar(255) DEFAULT NULL,
  `doc_sicaf` varchar(255) DEFAULT NULL,
  `doc_ciscc` varchar(255) DEFAULT NULL,
  `doc_ciem` varchar(255) DEFAULT NULL,
  `doc_cndf` varchar(255) DEFAULT NULL,
  `doc_cnde` varchar(255) DEFAULT NULL,
  `doc_cndm` varchar(255) DEFAULT NULL,
  `doc_cidt` varchar(255) DEFAULT NULL,
  `doc_antt` varchar(255) DEFAULT NULL,
  `doc_lvs` varchar(255) DEFAULT NULL,
  `doc_act` varchar(255) DEFAULT NULL,
  `doc_cl` varchar(255) DEFAULT NULL,
  `created_at` timestamp NULL DEFAULT NULL,
  `updated_at` timestamp NULL DEFAULT NULL,
  `id_estado` int(11) DEFAULT NULL,
  `id_municipio` int(11) DEFAULT NULL,
  `doc_reqcred_status` tinyint(4) DEFAULT NULL,
  `doc_reqcred_obs` varchar(255) DEFAULT NULL,
  `doc_cico_status` tinyint(4) DEFAULT NULL,
  `doc_cico_obs` varchar(255) DEFAULT NULL,
  `doc_cicips_status` tinyint(4) DEFAULT NULL,
  `doc_cicips_obs` varchar(255) DEFAULT NULL,
  `doc_cqe_status` tinyint(4) DEFAULT NULL,
  `doc_cqe_obs` varchar(255) DEFAULT NULL,
  `doc_cqsm_status` tinyint(4) DEFAULT NULL,
  `doc_cqsm_obs` varchar(255) DEFAULT NULL,
  `doc_sicaf_status` tinyint(4) DEFAULT NULL,
  `doc_sicaf_obs` varchar(255) DEFAULT NULL,
  `doc_ciscc_status` tinyint(4) DEFAULT NULL,
  `doc_ciscc_obs` varchar(255) DEFAULT NULL,
  `doc_ciem_status` tinyint(4) DEFAULT NULL,
  `doc_ciem_obs` varchar(255) DEFAULT NULL,
  `doc_cndf_status` tinyint(4) DEFAULT NULL,
  `doc_cndf_obs` varchar(255) DEFAULT NULL,
  `doc_cnde_status` tinyint(4) DEFAULT NULL,
  `doc_cnde_obs` varchar(255) DEFAULT NULL,
  `doc_cndm_status` tinyint(4) DEFAULT NULL,
  `doc_cndm_obs` varchar(255) DEFAULT NULL,
  `doc_cidt_status` tinyint(4) DEFAULT NULL,
  `doc_cidt_obs` varchar(255) DEFAULT NULL,
  `doc_antt_status` tinyint(4) DEFAULT NULL,
  `doc_antt_obs` varchar(255) DEFAULT NULL,
  `doc_lvs_status` tinyint(4) DEFAULT NULL,
  `doc_lvs_obs` varchar(255) DEFAULT NULL,
  `doc_act_status` tinyint(4) DEFAULT NULL,
  `doc_act_obs` varchar(255) DEFAULT NULL,
  `doc_cl_status` tinyint(4) DEFAULT NULL,
  `doc_cl_obs` varchar(255) DEFAULT NULL,
  `doc_drctvc` varchar(255) DEFAULT NULL,
  `doc_drctvc_status` varchar(255) DEFAULT NULL,
  `doc_drctvc_obs` varchar(255) DEFAULT NULL,
  `doc_maed` varchar(255) DEFAULT NULL,
  `doc_maed_status` varchar(255) DEFAULT NULL,
  `doc_maed_obs` varchar(255) DEFAULT NULL,
  `doc_cnis` varchar(255) DEFAULT NULL,
  `doc_cnis_status` varchar(255) DEFAULT NULL,
  `doc_cnis_obs` varchar(255) DEFAULT NULL,
  PRIMARY KEY (`id`)
) ENGINE=InnoDB AUTO_INCREMENT=69 DEFAULT CHARSET=utf8mb4 COLLATE=utf8mb4_unicode_ci;
/*!40101 SET character_set_client = @saved_cs_client */;

--
-- Dumping data for table `credenciamentos`
--

LOCK TABLES `credenciamentos` WRITE;
/*!40000 ALTER TABLE `credenciamentos` DISABLE KEYS */;
INSERT INTO `credenciamentos` VALUES
(51,70,NULL,39,1,NULL,2,'073.502.964-44/credenciamento/l9VaAE65yaSfMFWLfGHMBuc31oPpVsfeBPZGsPcP.pdf','073.502.964-44/credenciamento/m3o461ejoE540HDmnYEeipvobSMJceXgWr2g6No9.pdf','073.502.964-44/credenciamento/ALvC40wm2ddpuxoFa3Xlt0gaT2tzZZ2tAWmhTwUH.pdf','073.502.964-44/credenciamento/d6Im41IgMXZPlUJXdjMPxYB5DygseEavE7YT8SpM.pdf','073.502.964-44/credenciamento/ai0gwaopXOwaqCaXFDo5rHLi9XPWckVDlOHqYGzZ.pdf','073.502.964-44/credenciamento/RZQwc9o3s8P0C3nrfkUjOkHvkhWbXpKurzp3HuP4.pdf','073.502.964-44/credenciamento/TyDPFIpX79JvopQTchDa4EbVafTQkmoFuojDO4i1.pdf',NULL,'073.502.964-44/credenciamento/hAZ4OndJi5PhYPMbh2G19cYwwu7t4x8Tq2XNi8QG.pdf','073.502.964-44/credenciamento/gtDIBi7YWH8QQp3y66ICqTdMfoW5CONleHG4VxCe.pdf','073.502.964-44/credenciamento/LhmmrhU95wrGqH6R1pGKJLEmf5B0uQQPSn8INtar.pdf','073.502.964-44/credenciamento/B3z4rvRxdvF5mWtEWGKyQBhkgrKvSN8dCWOl3af9.pdf','073.502.964-44/credenciamento/Y1ez5LKRQtlk7eVThR8iM9F33Q1R4FX4Y6GIu6sD.pdf','073.502.964-44/credenciamento/KrDEBtPBB3F7OF7tGN0ZVqfb9KpLlXhIjHft3jch.pdf',NULL,'C:\\xampp\\tmp\\phpE85E.tmp','2023-07-19 02:40:19','2023-07-26 22:01:40',1,54,1,'',1,'',1,'',1,'',1,'',1,'',1,'',NULL,NULL,1,'',1,'',1,'',1,'',1,'',99,'teste',NULL,NULL,NULL,NULL,'073.502.964-44/credenciamento/sQKnkTEv5zM6W1RPhtDC8lidv3VHNfOdmQr9CZVP.pdf','1','','073.502.964-44/credenciamento/KjwSVVf1T4qrup0eyFQQlSQHbusZIttL8uXD1S9t.pdf','1','','073.502.964-44/credenciamento/eaSVW0azbc4YwAtIIknwQqJEvoHRM75Ql92JBrT3.pdf','1',''),
(52,NULL,7,NULL,1,NULL,3,NULL,'30.654.597/0001-59/credenciamento/svJpWlTCv91rv1vJ3F9XeIZHHiFwiR3QXjuRVzyx.pdf',NULL,NULL,NULL,'30.654.597/0001-59/credenciamento/iP3ZBoqePKUB9Crp8KQRFLeE5m3oV9nEQxHbgIlH.pdf',NULL,NULL,'30.654.597/0001-59/credenciamento/efFfDvrA89EkhmnWNNRlvIi5Dr1h0TGh5NkEfiir.pdf','30.654.597/0001-59/credenciamento/U7sWpnfjfZwzF61AB1WI8SoHxPgjNbMLFGNcJcLF.pdf','30.654.597/0001-59/credenciamento/8P1XLdikdPjddWPZovmCNVfkNE40C5tdf85ZdedR.pdf',NULL,'30.654.597/0001-59/credenciamento/2Litnj9SwJOSrs6eBK4OJedJDicCXqEaJNrustRy.pdf',NULL,'30.654.597/0001-59/credenciamento/23gsI2iUjKuKCcSJG4KAaRDZZ5BBirTYfzvvj8ys.pdf',NULL,'2023-07-19 10:43:05','2023-07-31 20:52:46',NULL,NULL,NULL,NULL,1,'',NULL,NULL,NULL,NULL,NULL,NULL,1,'',NULL,NULL,NULL,NULL,1,'',1,'',1,'',NULL,NULL,1,'',NULL,NULL,1,'',NULL,NULL,NULL,NULL,NULL,'30.654.597/0001-59/credenciamento/ISKlmYGkWLb5TK76DQz4TSJ2W4dMEJmTNE4hQNk7.pdf','1','',NULL,NULL,NULL),
(55,NULL,8,NULL,1,NULL,99,NULL,'40.873.234/0001-68/credenciamento/Z1QjDDF7OCedpc8GY9U84mStjCvmENtOdsB2Lprd.pdf',NULL,NULL,NULL,'40.873.234/0001-68/credenciamento/FJAMIoej3DFnU9HJQtySk1jpHVKq9bNb23Y2ovdE.pdf',NULL,NULL,'40.873.234/0001-68/credenciamento/I4zIXIzxRqdYVR3fpZxrzzCWj7PYUDUoK6Ldisqz.pdf','40.873.234/0001-68/credenciamento/iyT4m6hesy4V7mvfNQ7ugoihDzve1TEyTugzzVi0.pdf','40.873.234/0001-68/credenciamento/vt67PQ9mscqDcGiNJFXdwBmpRKGFxS1luMcwGVjh.pdf',NULL,NULL,NULL,'40.873.234/0001-68/credenciamento/v0HPKKQJKjm8JXfo2MBWBLYVhj6Bsqhrr9Eh90IX.pdf',NULL,'2023-07-19 16:27:09','2023-07-19 19:38:48',NULL,NULL,NULL,NULL,1,'',NULL,NULL,NULL,NULL,NULL,NULL,1,'',NULL,NULL,NULL,NULL,1,'',1,'',1,'',NULL,NULL,NULL,NULL,NULL,NULL,1,'',NULL,NULL,NULL,NULL,NULL,'40.873.234/0001-68/credenciamento/VA8tarXRJQKTxrQmSZPgU20qN7LKr0XqU9QQeGwF.pdf','1','',NULL,NULL,NULL),
(56,74,NULL,42,NULL,NULL,99,NULL,NULL,NULL,NULL,NULL,NULL,NULL,NULL,NULL,NULL,NULL,NULL,NULL,NULL,NULL,NULL,'2023-07-19 16:28:25','2023-07-19 16:28:25',2,60,NULL,NULL,NULL,NULL,NULL,NULL,NULL,NULL,NULL,NULL,NULL,NULL,NULL,NULL,NULL,NULL,NULL,NULL,NULL,NULL,NULL,NULL,NULL,NULL,NULL,NULL,NULL,NULL,NULL,NULL,NULL,NULL,NULL,NULL,NULL,NULL,NULL,NULL,NULL,NULL,NULL),
(57,75,NULL,43,1,NULL,99,'643.355.200-50/credenciamento/94YcE070yUKY0ZcVHjXnQDkJXGFq64Rd1q97toZl.pdf','643.355.200-50/credenciamento/jdphNcdIHxNiiduJOc4fiik7N48m2qZbpH0mcDzK.pdf','643.355.200-50/credenciamento/WngS1yO1XiSiIUIN2NCaW9eax5I5NKe9Lx375CPc.pdf','643.355.200-50/credenciamento/aol8SVfWAMBsZTuEy6sKDTQmRpYOIFWcSKp3I5xX.pdf','643.355.200-50/credenciamento/392XJ1fqDXfmdCMyXrDcSGomWO8cR3Ax36Rw3TaZ.pdf','643.355.200-50/credenciamento/YzTqYN2o5v0l6sIXPnZMEKbU4JDRBkDr8rKV7LH3.pdf','643.355.200-50/credenciamento/bBUTfydNBiPxNMZpcO88jFMVxAaNHbvX3EvQGQFP.pdf',NULL,'643.355.200-50/credenciamento/YqUNqirmTyld6lxK0uMDyemSaiEj7SMcxDMFQ4Ic.pdf','643.355.200-50/credenciamento/5lE8MPfygKBUK8eSgx792qePWID8LRhOVJUxlwRS.pdf','643.355.200-50/credenciamento/htNikDH3AmJ0i4ECFds7xoRDHnGZB5lpMz2NpjYq.pdf','643.355.200-50/credenciamento/YIMINv8BFc3xjD7okNfIyaoC9rvYPyuGERR7pqIx.pdf','643.355.200-50/credenciamento/3yXtShHph1Eadvn0hORZiN13fCRKWKmutiZcstYN.pdf','643.355.200-50/credenciamento/PB3FmRCyGSvCAGQxCWMPSjoroY1V6cWLaz2PU9Oq.pdf',NULL,NULL,'2023-07-19 17:07:20','2023-07-19 17:10:16',1,176,1,'',1,'',1,'',1,'',1,'',1,'',1,'',NULL,NULL,1,'',1,'',1,'',1,'',1,'',1,'',NULL,NULL,NULL,NULL,'643.355.200-50/credenciamento/BIRZwvhAiwC0aBfHDKl4TjTP0skBqdVKyDb2bFvT.pdf','1','','643.355.200-50/credenciamento/koPy637uXvsVCnVLAQ1XIsCA8XnWpl59Auvwo9kt.pdf','1','',NULL,NULL,NULL),
(58,73,NULL,41,NULL,NULL,99,'006.508.530-24/credenciamento/SksdcxH5FCcm0Og1zIR58UZwG36tKRqkAbmxAjEk.pdf',NULL,'006.508.530-24/credenciamento/mip0KAICqNcTMkDzEj2XT3FWNlFZAM6SuwwkUBe5.pdf',NULL,NULL,NULL,NULL,NULL,NULL,NULL,NULL,NULL,'006.508.530-24/credenciamento/CGXyVCL8xeobE1tGrX5CgpQK1LeC6obYsCujBN8I.pdf','006.508.530-24/credenciamento/N1zhZuN2GjoQQUsRYPkI3AfWrK5tTpTfL4SCojFc.pdf',NULL,NULL,'2023-07-19 18:37:06','2023-07-26 16:47:35',1,54,1,'',NULL,NULL,1,'',NULL,NULL,NULL,NULL,NULL,NULL,NULL,NULL,NULL,NULL,NULL,NULL,NULL,NULL,NULL,NULL,NULL,NULL,1,'',1,'',NULL,NULL,NULL,NULL,'006.508.530-24/credenciamento/6adHCKpZKBCPI1lmTsNsTyJZRJil6PX8UTBoTH7e.pdf','1','',NULL,NULL,NULL,NULL,NULL,NULL),
(59,76,NULL,44,1,NULL,1,'186.705.124-91/credenciamento/7a4Np0i6DovqxvEzXgfp7RhVQWcTUZSUNP3Eruuc.pdf','186.705.124-91/credenciamento/Y7z0eaVAyMyJiUa72dYyhfNo9HHLDVozLgRLawqh.pdf','186.705.124-91/credenciamento/bFKIeWbNyiqDMQHVlORNdLmrwWbBK2GFOaJINvj4.pdf','186.705.124-91/credenciamento/wyJNE1UKCQ0x1FxgYcxia0XKKxDvaczxZKxLXEEj.pdf','186.705.124-91/credenciamento/tgFyKvtJiIFizmx4UQLcOIZkjyigG0qa5AW86kWl.pdf',NULL,'186.705.124-91/credenciamento/jisim9CVX0qDU8nrgmKzZbwT6aIoyBexQMxeUfeh.pdf',NULL,'186.705.124-91/credenciamento/NgT5cLILz7NIlJWE8XYWVwJXRZzI0t4bUXlhNi9B.pdf','186.705.124-91/credenciamento/EHaXTNN1obRlHd860LbqLLS8g2zHigHhniLXIkzj.pdf',NULL,'186.705.124-91/credenciamento/DHVN7gw7ISk1K0Cup896Anyvik2kNOssfd2caNqh.pdf','186.705.124-91/credenciamento/RhIuwtmEBHlYtB5aNBD0xY8gOHYyMmDocIVi5nHO.pdf','186.705.124-91/credenciamento/5JIkkMmvk1nL97qUmaPDBdWFVIZUgkVZZkzvPl56.pdf',NULL,NULL,'2023-07-19 18:56:31','2023-07-19 19:34:33',1,179,1,'',1,'',1,'',1,'',1,'',NULL,NULL,1,'',NULL,NULL,1,'',1,'',NULL,NULL,1,'',1,'',1,'',NULL,NULL,NULL,NULL,'186.705.124-91/credenciamento/GunwtHSUzVa6piJpGilLKhRlZzib8j2kABnEs1CS.pdf','1','','186.705.124-91/credenciamento/gGPqzz3MePU1yjIHECoiprh2ujLcFcdr0dDc2MN5.pdf','1','',NULL,NULL,NULL),
(60,77,NULL,45,NULL,NULL,99,'514.231.080-27/credenciamento/hwJHmYAx4ZM4gmJVtkF9ZuyA1CCDYl0W8vWK182o.pdf',NULL,'514.231.080-27/credenciamento/s91FwtaXdNlbwu45TLYpGTWS5dLURHwt4oX3a6a5.pdf',NULL,NULL,NULL,NULL,NULL,NULL,NULL,NULL,NULL,'514.231.080-27/credenciamento/YwQGnsRtvxCI0hAZg1VyPYJebK7TJkyAEMappaU6.pdf','514.231.080-27/credenciamento/GEDoraZX8Au1d0NY5q4asn8cfmgL9yyoE44h8LON.pdf',NULL,NULL,'2023-07-19 18:58:24','2023-07-20 00:44:45',2,60,1,'',NULL,NULL,1,'',NULL,NULL,NULL,NULL,NULL,NULL,NULL,NULL,NULL,NULL,NULL,NULL,NULL,NULL,NULL,NULL,NULL,NULL,1,'',1,'',NULL,NULL,NULL,NULL,'514.231.080-27/credenciamento/nsbx1VvBq5OrsEhdIju9DJJcadKVXHYYDKWP2Cy8.pdf','1','',NULL,NULL,NULL,NULL,NULL,NULL),
(61,79,NULL,46,1,NULL,99,'107.334.960-83/credenciamento/j3Mk58r1ARqrvKziS5qu4Agq7dZ1mu4ZHDSykLUu.pdf',NULL,'107.334.960-83/credenciamento/o5EN0SRbvfRg10jmoYKgVZKIwuCiwE8o2CBXyPCF.pdf',NULL,NULL,NULL,NULL,NULL,NULL,NULL,NULL,NULL,'107.334.960-83/credenciamento/NfEFTz6t3zNataV0cBeqGF5kCeJVHEXpAk7riEy5.pdf','107.334.960-83/credenciamento/1ALv34a5BxRBe9qYDDvipAeXccKeQhfTSqBW48jK.pdf',NULL,NULL,'2023-07-19 19:05:01','2023-07-26 16:49:37',2,65,1,'',NULL,NULL,1,'',NULL,NULL,NULL,NULL,NULL,NULL,NULL,NULL,NULL,NULL,NULL,NULL,NULL,NULL,NULL,NULL,NULL,NULL,99,'teste',99,'teste',NULL,NULL,NULL,NULL,'107.334.960-83/credenciamento/OZhvbQ34FUPEQh5vFgQOYWMnNClgtRXAJLe5kr3f.pdf','1','',NULL,NULL,NULL,NULL,NULL,NULL),
(62,80,NULL,47,1,NULL,3,'869.279.304-34/credenciamento/GyumfmRvnnMvK8T0EsuG1XBhqKEjYJYUPHlEzA2q.pdf','869.279.304-34/credenciamento/q9JRDEDoshKJTmUyvTmtcuFnVGolWm4UbHPtzmry.pdf','869.279.304-34/credenciamento/vJ5efK58yOPhXpwgDDSDjgdOn8875IBOGYihFa8A.pdf','869.279.304-34/credenciamento/dQrI6KuNMkdZItjVWKb0DmoddbQpYyTbvVwL8NmR.pdf','869.279.304-34/credenciamento/FXcV48Wxw1Mbth9oi1spLSEpbaM4rTgZLSZ5JEOy.pdf','869.279.304-34/credenciamento/LDbLdzNfcJoshAnYwG8C5yBrgqyyOnMtpks8iAag.pdf','869.279.304-34/credenciamento/oBi1MnueW3u7RpLcq7Lk4uxaPAm7W6mBITaLTKih.pdf',NULL,'869.279.304-34/credenciamento/HXg3mwWNXmfiusCeLME5ulGttNXPzeWhicTNYFIe.pdf','869.279.304-34/credenciamento/nmOd9JLuCsaOWiCjY79Hcbu8Vy6E4LiQMwZ2MlWW.pdf',NULL,'869.279.304-34/credenciamento/8gqicuchS0QgZclPX0IMlFalszxqzUZLm4qF5tf2.pdf','869.279.304-34/credenciamento/rsD9UGYEjPdQnCSUAKc2QZIsO3ugYUGbjKoyYfEr.pdf','869.279.304-34/credenciamento/dHqx7e111Zm6pg7VfB0nCAdw9Wr4kgCaGsvDirfX.pdf',NULL,NULL,'2023-07-19 20:19:28','2023-07-19 20:25:07',1,54,1,'',1,'',1,'',1,'',1,'',1,'',1,'',NULL,NULL,1,'',1,'',NULL,NULL,1,'',1,'',1,'',NULL,NULL,NULL,NULL,'869.279.304-34/credenciamento/jSp6CTh0Yml6xtbJJdKy4Tp7qrxKoitzcKGHARY9.pdf','1','','869.279.304-34/credenciamento/0fV89FsDtXSjXaOJTLiQRWyvnYwjPuGNHLP07biR.pdf','1','',NULL,NULL,NULL),
(63,NULL,9,NULL,1,NULL,99,NULL,'47.464.974/0001-90/credenciamento/0HHOSK0cTObmrQe6MmZSUj4FgwoXfUBbyKMxdNlW.pdf',NULL,NULL,NULL,NULL,NULL,NULL,'47.464.974/0001-90/credenciamento/E4vtsdU7EDbKHvFsbQo2PK6tKrTZnWgLzFURE8Iw.pdf',NULL,NULL,NULL,NULL,NULL,NULL,NULL,'2023-07-19 20:36:46','2023-07-19 20:36:46',NULL,NULL,NULL,NULL,1,'',NULL,NULL,NULL,NULL,NULL,NULL,NULL,NULL,NULL,NULL,NULL,NULL,1,'',NULL,NULL,NULL,NULL,NULL,NULL,NULL,NULL,NULL,NULL,NULL,NULL,NULL,NULL,NULL,NULL,NULL,'47.464.974/0001-90/credenciamento/RU2VYhPEE1NKLKg0eSnYQBbO7QUeQL3yuiPGR5KW.pdf','1','',NULL,NULL,NULL),
(64,NULL,11,NULL,1,NULL,99,NULL,'08.433.186/0001-84/credenciamento/I215R9yb95HJOMtjQKXfoaa6McAXbdzFWd773Bwl.pdf',NULL,NULL,NULL,'08.433.186/0001-84/credenciamento/pzUuXNSXAiU52K5AvSx49P8U5XWGcKwuHglBai1S.pdf',NULL,NULL,'08.433.186/0001-84/credenciamento/0dWtZwMKDU1eQ7IwV6zqGyNMS5hPNG6g1oBS8Dua.pdf','08.433.186/0001-84/credenciamento/9jwpGvOnti658SKGuTDtpcjkBXa8ybiH8wQbzAx2.pdf','08.433.186/0001-84/credenciamento/umO2XJrpsaLddfZgreS5jfDweHtcTurRFH64KBtL.pdf',NULL,NULL,NULL,'08.433.186/0001-84/credenciamento/fPsA8xGpssvaxZ7bKnnnO6h5GkHDFhRJ4WdRHkbu.pdf',NULL,'2023-07-19 20:53:34','2023-07-19 20:59:37',NULL,NULL,NULL,NULL,1,'',NULL,NULL,NULL,NULL,NULL,NULL,1,'',NULL,NULL,NULL,NULL,1,'',1,'',1,'',NULL,NULL,NULL,NULL,NULL,NULL,1,'',NULL,NULL,NULL,NULL,NULL,'08.433.186/0001-84/credenciamento/inu5v4EwQ6xcRCZcCeBvpVxz6OrbhQucD9iErtJK.pdf','1','',NULL,NULL,NULL),
(65,88,NULL,48,1,NULL,99,NULL,NULL,NULL,NULL,NULL,NULL,NULL,NULL,NULL,NULL,NULL,NULL,'','',NULL,NULL,'2023-08-03 21:46:32','2023-08-04 15:02:38',1,78,NULL,NULL,NULL,NULL,NULL,NULL,NULL,NULL,NULL,NULL,NULL,NULL,NULL,NULL,NULL,NULL,NULL,NULL,NULL,NULL,NULL,NULL,NULL,NULL,99,'O arquivo não era um PDF',99,'O arquivo não era um PDF',NULL,NULL,NULL,NULL,NULL,NULL,NULL,NULL,NULL,NULL,NULL,NULL,NULL),
(66,90,NULL,49,1,NULL,3,'480.026.090-69/credenciamento/4FSs1xwd5YalP1BIntPSqJFmQvXv7BluLnprT7lR','480.026.090-69/credenciamento/9M7c1ZYXahJpQJ43Je0k4vEYtPR1rm6gSVY6pleQ','480.026.090-69/credenciamento/qhWKkUMYhQ3NfWsjDVDsUZd8xk3xWJKGlnWN1pj7','480.026.090-69/credenciamento/zolsM9FytDGVBbW8bdkpzc8evGlQ4nADBORKqrAF','480.026.090-69/credenciamento/Md6lzSXzPFY0LBnqKK0VQvdhyZbNCkUHInvKxSWj','480.026.090-69/credenciamento/3Yo6stS2JJKgVM0y2qcOBuLQwEEwbbrwEM1gjfMy','480.026.090-69/credenciamento/MrvntS18NE175uW7nk4n2r289RgcxChqLzt2Uuw8',NULL,'480.026.090-69/credenciamento/UAwLpEFE5ZcjWBHtJ5PEzRAlYvg7GIlOlbd6frL9','480.026.090-69/credenciamento/Vs6JLtiBezff9tayPgDi9aVp0tDCksNictjTikUJ','480.026.090-69/credenciamento/cMLbOgHYfMFvYMp25KMcaeIFQ11h3KohvVsPCJaS','480.026.090-69/credenciamento/7xQKEJD0atCcQGzACCwqITxRK31oDAufkMsReIvM','480.026.090-69/credenciamento/KIW7tuLclYZdGpvyYEujcdLTEn3jEeKyTlUJH76A','480.026.090-69/credenciamento/UOl76llkASONTvImUCpmCYsbZSbICY48Kf1QBgf4',NULL,NULL,'2023-08-10 21:33:36','2023-08-10 21:33:36',1,57,1,'',1,'',1,'',1,'',1,'',1,'',1,'',NULL,NULL,1,'',1,'',1,'',1,'',1,'',1,'',NULL,NULL,NULL,NULL,'480.026.090-69/credenciamento/wRYz9C72aqwDPKPzgCFA0xSN8B1xHSlNZTB9vRb5','1','','480.026.090-69/credenciamento/KIEJikN3lX7yXrEs0KNPulL3kIuk9lXF0il8WrDz','1','',NULL,NULL,NULL),
(67,91,NULL,50,1,NULL,2,'147.883.270-31/credenciamento/EBPJnzcAh1QnPoMFBlnSnzcC90IzmP82Z95tLrQW.txt','147.883.270-31/credenciamento/cGlTrR09Kfh93f5dFrtHHevyJpMPtM7EncPwF64C','147.883.270-31/credenciamento/mhMIOG4tBQyrV0XT6Q2dInqHqCQlacn8JH3Ati9c','147.883.270-31/credenciamento/OFrmagpc4t57VuTRAKYp16pTpk0P8AMh2l0zcLhZ',NULL,NULL,NULL,NULL,NULL,NULL,NULL,NULL,NULL,NULL,NULL,NULL,'2023-08-11 14:30:02','2023-08-11 14:47:33',2,86,1,'',1,'',1,'',1,'',NULL,NULL,NULL,NULL,NULL,NULL,NULL,NULL,NULL,NULL,NULL,NULL,NULL,NULL,NULL,NULL,NULL,NULL,NULL,NULL,NULL,NULL,NULL,NULL,'147.883.270-31/credenciamento/edkksJrEE4lzZYu9aGarYc50HH8Aax5WerrzjLVN','1','','147.883.270-31/credenciamento/1o5KhNcR0PCXEenPy9lqkn7e1JeizEIVTVoP2SLE','1','',NULL,NULL,NULL),
(68,92,NULL,51,1,NULL,1,'491.200.650-51/credenciamento/UbLhOjX386vi8hMyhnUHXeLnYyA7Wmu7NF3zHS7R.txt','491.200.650-51/credenciamento/nELEMI1J0IRwuCXkOmj3h7mBNNzIeWIyHKKbOREC.txt','491.200.650-51/credenciamento/UMuWz0fFs2LQxK5LjL9mxSdtn0oTBDMf3jXMeK9o.txt','491.200.650-51/credenciamento/qztPtVbRp5rGqW1WQL5LawgT5nS527Yqwb3zlXRG.txt','491.200.650-51/credenciamento/lTJDoGPukKZwfdEdZc6ohlEoWr5NgWdYZbseAeXI.txt','491.200.650-51/credenciamento/4HsXaSqHnGFZbiadibe8dWTVmVb9oIGbYGi3Ucuk.txt','491.200.650-51/credenciamento/e6ePaaNDQULIhUamrCjmHOv6askzCbPVslhqUpGr.txt',NULL,'491.200.650-51/credenciamento/mp4zaI9dk83K9Xdnuy5Odc8G3DRykhW9iGSceXRl.txt','491.200.650-51/credenciamento/QBp8kh79CSMNPTUZGnE7wnyLMkMs7anwGlnU2L3f.txt','491.200.650-51/credenciamento/nUePPuK40zXt6qPED5GAmuqB6hp9NbL2N38Z16WT.txt','491.200.650-51/credenciamento/JtUrGGAEEQOCgnC9euSLaAsfqSNwZV3ukMEui609.txt','491.200.650-51/credenciamento/Id7Ofu6pb2Dwv6i9Lb6tPNf4MFNmHPDFKydTYJ2B.txt','491.200.650-51/credenciamento/OrcRgvlfjqOpIvRDpQ3Cnw0ytpEfBcsH8rDndSxM.txt',NULL,NULL,'2023-08-11 14:42:37','2023-08-11 14:45:04',1,82,1,'',1,'',1,'',1,'',1,'',1,'',1,'',NULL,NULL,1,'',1,'',1,'',1,'',1,'',1,'',NULL,NULL,NULL,NULL,'491.200.650-51/credenciamento/g940Q1UUWLJfxKYZ6t28IqVcj5YztQGqjah6GbQB.txt','1','','491.200.650-51/credenciamento/qQ34GJ0rsqUsDnXLZWzxHadZDwRlFTcl5cSff6zr.txt','1','',NULL,NULL,NULL);
/*!40000 ALTER TABLE `credenciamentos` ENABLE KEYS */;
UNLOCK TABLES;

--
-- Table structure for table `dadosbancarios`
--

DROP TABLE IF EXISTS `dadosbancarios`;
/*!40101 SET @saved_cs_client     = @@character_set_client */;
/*!40101 SET character_set_client = utf8 */;
CREATE TABLE `dadosbancarios` (
  `id` bigint(20) unsigned NOT NULL AUTO_INCREMENT,
  `id_pipeiro` bigint(20) DEFAULT NULL,
  `id_empresa` bigint(20) DEFAULT NULL,
  `banco` varchar(255) DEFAULT NULL,
  `codbanco` varchar(255) DEFAULT NULL,
  `agencia` varchar(255) DEFAULT NULL,
  `conta` varchar(255) DEFAULT NULL,
  `doc_comprovante` varchar(255) DEFAULT NULL,
  `created_at` timestamp NULL DEFAULT NULL,
  `updated_at` timestamp NULL DEFAULT NULL,
  `doc_comprovante_status` tinyint(4) DEFAULT NULL,
  `doc_comprovante_obs` varchar(255) DEFAULT NULL,
  PRIMARY KEY (`id`)
) ENGINE=InnoDB AUTO_INCREMENT=102 DEFAULT CHARSET=utf8mb4 COLLATE=utf8mb4_unicode_ci;
/*!40101 SET character_set_client = @saved_cs_client */;

--
-- Dumping data for table `dadosbancarios`
--

LOCK TABLES `dadosbancarios` WRITE;
/*!40000 ALTER TABLE `dadosbancarios` DISABLE KEYS */;
INSERT INTO `dadosbancarios` VALUES
(89,70,NULL,'1',NULL,'0001','123456543212345','073.502.964-44/cadastro/D3oRyPtZvQR2siRwWNkcotc9GqHFx0GBltsB2NWI.pdf','2023-07-19 02:40:19','2023-07-19 08:41:26',1,''),
(90,NULL,7,'2',NULL,'0001','123456543212345','30.654.597/0001-59/empresa/RyT3n3YHMiEK7r12umzNPiFN3ro3ZWw9vbteY66I.pdf','2023-07-19 10:43:05','2023-07-26 17:26:25',1,''),
(92,NULL,8,'2',NULL,'1025','1097026-6','40.873.234/0001-68/empresa/cHLJIdeGVrc9fqv8rKratPhh17L3JLJmKjuLXRJi.pdf','2023-07-19 16:27:09','2023-07-19 19:36:54',1,''),
(93,75,NULL,'1',NULL,'5816','1195252-0','643.355.200-50/cadastro/juoprAp5PcPLvtXNY3qXQc5yvTzededJkrpDKa6e.pdf','2023-07-19 17:07:20','2023-07-19 17:07:20',1,''),
(94,76,NULL,'1',NULL,'0802','1097026-6','186.705.124-91/cadastro/8hnYIUMN7ZUmZq5QgPqAqqZVoTPdP5XK5SQ5zjtz.pdf','2023-07-19 18:56:31','2023-07-19 18:58:49',1,''),
(95,80,NULL,'1',NULL,'1587','15879-5','869.279.304-34/cadastro/kvvEcRfiru7fu2alv1HzU9z6K1r448gP3KNyp6zE.pdf','2023-07-19 20:19:28','2023-07-19 20:19:28',1,''),
(96,NULL,9,'1',NULL,'5816','1195252-0','47.464.974/0001-90/empresa/fTXKBdmTLXmpPQ6yGRMob3hkurxz1uPAUf5fDAXF.pdf','2023-07-19 20:36:46','2023-07-19 20:36:46',1,''),
(97,NULL,11,'1',NULL,'5816','1195252-0','08.433.186/0001-84/empresa/kuwvDSs4XKNawTsKokoQZ9HhxLM06lBhlIJPlS3A.pdf','2023-07-19 20:53:34','2023-07-19 20:53:34',1,''),
(98,88,NULL,'1',NULL,'28894','2415875','','2023-08-03 21:46:32','2023-08-03 21:46:32',99,'O arquivo não era um PDF'),
(99,90,NULL,'1',NULL,'28894','2415875','480.026.090-69/cadastro/DTYVd9pxJbmX6h286DJrihHnZ6vSe3JbVBaAfJ5N','2023-08-10 21:33:36','2023-08-10 21:33:36',1,''),
(100,91,NULL,'1',NULL,'28894','2415875','147.883.270-31/cadastro/ylE0uk61I96ydaiCWguzDxS6K2d1xAYGr1bCKP4s.txt','2023-08-11 14:30:02','2023-08-11 14:30:02',1,''),
(101,92,NULL,'1',NULL,'28894','2415875','491.200.650-51/cadastro/ko08aC7uh1fj6KV09Ya8eemjSZqBoMb8Rrxiobet.txt','2023-08-11 14:42:37','2023-08-11 14:42:37',1,'');
/*!40000 ALTER TABLE `dadosbancarios` ENABLE KEYS */;
UNLOCK TABLES;

--
-- Table structure for table `edital_documentos`
--

DROP TABLE IF EXISTS `edital_documentos`;
/*!40101 SET @saved_cs_client     = @@character_set_client */;
/*!40101 SET character_set_client = utf8 */;
CREATE TABLE `edital_documentos` (
  `id` bigint(20) unsigned NOT NULL AUTO_INCREMENT,
  `id_edital` bigint(20) unsigned NOT NULL,
  `nome` varchar(255) NOT NULL,
  `link` varchar(255) NOT NULL,
  `created_at` timestamp NULL DEFAULT NULL,
  `updated_at` timestamp NULL DEFAULT NULL,
  `deleted_at` timestamp NULL DEFAULT NULL,
  PRIMARY KEY (`id`)
) ENGINE=InnoDB DEFAULT CHARSET=utf8mb4 COLLATE=utf8mb4_unicode_ci;
/*!40101 SET character_set_client = @saved_cs_client */;

--
-- Dumping data for table `edital_documentos`
--

LOCK TABLES `edital_documentos` WRITE;
/*!40000 ALTER TABLE `edital_documentos` DISABLE KEYS */;
/*!40000 ALTER TABLE `edital_documentos` ENABLE KEYS */;
UNLOCK TABLES;

--
-- Table structure for table `editals`
--

DROP TABLE IF EXISTS `editals`;
/*!40101 SET @saved_cs_client     = @@character_set_client */;
/*!40101 SET character_set_client = utf8 */;
CREATE TABLE `editals` (
  `id` bigint(20) unsigned NOT NULL AUTO_INCREMENT,
  `datainicio` varchar(255) NOT NULL,
  `datafim` varchar(255) NOT NULL,
  `nome` varchar(255) NOT NULL,
  `documento` varchar(255) NOT NULL,
  `status` int(11) NOT NULL,
  `created_at` timestamp NULL DEFAULT NULL,
  `updated_at` timestamp NULL DEFAULT NULL,
  `deleted_at` timestamp NULL DEFAULT NULL,
  PRIMARY KEY (`id`)
) ENGINE=InnoDB AUTO_INCREMENT=2 DEFAULT CHARSET=utf8mb4 COLLATE=utf8mb4_unicode_ci;
/*!40101 SET character_set_client = @saved_cs_client */;

--
-- Dumping data for table `editals`
--

LOCK TABLES `editals` WRITE;
/*!40000 ALTER TABLE `editals` DISABLE KEYS */;
INSERT INTO `editals` VALUES
(1,'01/01/2023','31/12/2023','Edital 001/2023 - Vigência 2024','',1,'2023-05-09 13:13:27','2023-05-09 13:13:27',NULL);
/*!40000 ALTER TABLE `editals` ENABLE KEYS */;
UNLOCK TABLES;

--
-- Table structure for table `empresa_users`
--

DROP TABLE IF EXISTS `empresa_users`;
/*!40101 SET @saved_cs_client     = @@character_set_client */;
/*!40101 SET character_set_client = utf8 */;
CREATE TABLE `empresa_users` (
  `id` bigint(20) unsigned NOT NULL AUTO_INCREMENT,
  `nome` varchar(255) DEFAULT NULL,
  `razaosocial` varchar(255) NOT NULL,
  `cnpj` varchar(255) NOT NULL,
  `email` varchar(255) NOT NULL,
  `password` varchar(255) NOT NULL,
  `telefone` varchar(255) DEFAULT NULL,
  `email_verified_at` timestamp NULL DEFAULT NULL,
  `created_at` timestamp NULL DEFAULT NULL,
  `updated_at` timestamp NULL DEFAULT NULL,
  `remember_token` varchar(100) DEFAULT NULL,
  `deleted_at` timestamp NULL DEFAULT NULL,
  `nome_representante` varchar(255) DEFAULT NULL,
  `telefone_representante` varchar(255) DEFAULT NULL,
  `doc_representante` varchar(255) DEFAULT NULL,
  `doc_representante_status` varchar(255) DEFAULT NULL,
  `doc_representante_obs` varchar(255) DEFAULT NULL,
  `doc_emp_tdm` varchar(255) DEFAULT NULL,
  `doc_emp_tdm_status` varchar(255) DEFAULT NULL,
  `doc_emp_tdm_obs` varchar(255) DEFAULT NULL,
  `doc_emp_ccmei` varchar(255) DEFAULT NULL,
  `doc_emp_ccmei_status` varchar(255) DEFAULT NULL,
  `doc_emp_ccmei_obs` varchar(255) DEFAULT NULL,
  `doc_emp_cicnpj` varchar(255) DEFAULT NULL,
  `doc_emp_cicnpj_status` varchar(255) DEFAULT NULL,
  `doc_emp_cicnpj_obs` varchar(255) DEFAULT NULL,
  `doc_emp_ciccem` varchar(255) DEFAULT NULL,
  `doc_emp_ciccem_status` varchar(255) DEFAULT NULL,
  `doc_emp_ciccem_obs` varchar(255) DEFAULT NULL,
  `doc_emp_crrcss` varchar(255) DEFAULT NULL,
  `doc_emp_crrcss_status` varchar(255) DEFAULT NULL,
  `doc_emp_crrcss_obs` varchar(255) DEFAULT NULL,
  `doc_emp_crrc` varchar(255) DEFAULT NULL,
  `doc_emp_crrc_status` varchar(255) DEFAULT NULL,
  `doc_emp_crrc_obs` varchar(255) DEFAULT NULL,
  `doc_emp_cidijt` varchar(255) DEFAULT NULL,
  `doc_emp_cidijt_status` varchar(255) DEFAULT NULL,
  `doc_emp_cidijt_obs` varchar(255) DEFAULT NULL,
  `doc_emp_alf` varchar(255) DEFAULT NULL,
  `doc_emp_alf_status` varchar(255) DEFAULT NULL,
  `doc_emp_alf_obs` varchar(255) DEFAULT NULL,
  PRIMARY KEY (`id`),
  UNIQUE KEY `empresa_users_cnpj_unique` (`cnpj`),
  UNIQUE KEY `empresa_users_email_unique` (`email`)
) ENGINE=InnoDB AUTO_INCREMENT=14 DEFAULT CHARSET=utf8mb4 COLLATE=utf8mb4_unicode_ci;
/*!40101 SET character_set_client = @saved_cs_client */;

--
-- Dumping data for table `empresa_users`
--

LOCK TABLES `empresa_users` WRITE;
/*!40000 ALTER TABLE `empresa_users` DISABLE KEYS */;
INSERT INTO `empresa_users` VALUES
(7,'empresa de teste 3','empresa teste','30.654.597/0001-59','empresateste@gmail.com','$2y$10$qX7ram/8SekVW6WZ/m2Dce1uZA/uW8qR.QQe6qrtBrhUvSb1BBvV.','(81) 99873-5164',NULL,'2023-07-19 03:48:32','2023-07-31 20:52:46',NULL,NULL,'thiago','(81) 99873-5165','30.654.597/0001-59/empresa/xwUfZQE7E4S97jVH2eHiR7cSNlhRIhOrUJt6jtKY.pdf','1','','30.654.597/0001-59/empresa/xGdIl8XPPZC3ZpMTydkqMsQ3JFgMNO2CKpHwAVt6.pdf','1','','30.654.597/0001-59/empresa/4wV6L2UoCCYhQbF6SENXJVMNB18Ya1fGM23YKKIg.pdf','1','','30.654.597/0001-59/empresa/i92b69GqRnbFpZhHmW5a4OJ79mhZpRzQIcPa92dF.pdf','1','','30.654.597/0001-59/empresa/WmvyHx9MMF8J4mgE2KUmQh6vKtiLdYlvPEqLgsE7.pdf','1','','30.654.597/0001-59/empresa/MK7fp1pCIlec8uzCPlu8FDUbJXHnskVTwTO54Q6b.pdf','1','','30.654.597/0001-59/empresa/ff8hqxUqKS9OSi9KqlfYocs49cA7Zn1L5OswQKy9.pdf','1','','30.654.597/0001-59/empresa/SUxU97YZxQQwmw6paiNDXBAjSv43fiemm5gdgd8a.pdf','1','','30.654.597/0001-59/empresa/AeyWa3tGHJ7fjH4Q17h6w5aYot33T6xCEeBRnGmw.pdf','1',''),
(8,'zero um','ZERO UM INFORMATICA','40.873.234/0001-68','ZEROHUM@ZEROHUM.COM.BR','$2y$10$LEUM8DhIIZN5mR1bAJ2hVObpwahbH25dtxXHBaa6CWyzA8ZQNx4HG','(81) 98927-7824',NULL,'2023-07-19 15:54:20','2023-07-19 19:38:44',NULL,NULL,'AntoNIO BRASILEIRO','(81) 03128-6767','40.873.234/0001-68/empresa/mwmWlPDud6ANKIaF1QOSFkRSt0oyKvINe3dF8ttL.pdf','1','','40.873.234/0001-68/empresa/BKN7i038VXlfAA9Ab8pMztaPJ6BFrNG1LVPYj12O.pdf','1','','','99','','40.873.234/0001-68/empresa/C463tNogKbwHBWHm1A7aPGz4A8KeRLrVdVbFW3Xk.pdf','1','','40.873.234/0001-68/empresa/LkC2W8hSpYqeXsCCg7jfELjwQ9ipkqrPBzPmWZiW.pdf','1','','40.873.234/0001-68/empresa/Og0D9jTdRKFjTqcomY5HVHP2vZ6fwQtQu4UhNRi9.pdf','1','','40.873.234/0001-68/empresa/GxSPzBgaKIG4Uf6q8kys04ZANBUn2K6BgRXsbi9W.pdf','1','','40.873.234/0001-68/empresa/2QX5YaNo4HoXC2dLtPb6ecQgewyenGmZKXmTTrtN.pdf','1','','40.873.234/0001-68/empresa/gNGMJWbhtAQQyf7hpWD0sYowqd5J2si6vxMpEW0g.pdf','1',''),
(9,'TESTA','TESTE LTDA','47.464.974/0001-90','tltda@tltda.com.br','$2y$10$1CheYiT5eN0Syc8KHSwZKer1r2oJZwj3gMT29zQVsjPPnP/hJHzuS','(81) 99999-1111',NULL,'2023-07-19 19:05:14','2023-07-19 20:36:46',NULL,NULL,'altamiro testa','(81) 97777-0000','47.464.974/0001-90/empresa/6Rd9TT8aCkbd3prAt7Zf2ypfwyEi7Dpim8jILPcm.pdf','1','','47.464.974/0001-90/empresa/5ycc3NFYVCNO4by8qSVljchISHnWvdCirOus8BdI.pdf','1','','47.464.974/0001-90/empresa/ogNkquBIxtx69bmfTUsoUEFYTtTtKEo0zX0sE4UN.pdf','1','','47.464.974/0001-90/empresa/CVGvblvFyhvBRw2js2zNbGhQmPoa0zEO5VjH5PAA.pdf','1','','47.464.974/0001-90/empresa/43WzpamUcVtaZ6joBHTT7Bxr4DuKgxaLfNLeHsyD.pdf','1','',NULL,NULL,NULL,NULL,NULL,NULL,NULL,NULL,NULL,NULL,NULL,NULL),
(10,NULL,'empresa 10','37.363.816/0001-90','empresa10@gmail.com','$2y$10$dhx/RdW/VreiJAd8BLzNd./ictFJIBt3p6TD0Z2U8tScUVxajSLfC',NULL,NULL,'2023-07-19 20:33:33','2023-07-19 20:33:33',NULL,NULL,NULL,NULL,NULL,NULL,NULL,NULL,NULL,NULL,NULL,NULL,NULL,NULL,NULL,NULL,NULL,NULL,NULL,NULL,NULL,NULL,NULL,NULL,NULL,NULL,NULL,NULL,NULL,NULL,NULL),
(11,'empresa 20','empresa20','08.433.186/0001-84','empresa20@gmail.com','$2y$10$6/t3DWqUZvpN2/x2lJr.OO.Ojt9z87rdtREbxNy3tJn6i36wMjCJ2','(81) 99999-8888',NULL,'2023-07-19 20:39:15','2023-07-19 20:59:37',NULL,NULL,'altamiro testa','(81) 97777-0000','08.433.186/0001-84/empresa/LvFOcxDTcGpREkXM4eqNfSiMAGOP0Me23KLChzj9.pdf','1','','08.433.186/0001-84/empresa/OmCAwBUvS3kFrSppBMRED4wAhOhyktuEAr7Id7gT.pdf','1','','08.433.186/0001-84/empresa/5Untz0CuCXNwF0icPLAGK7N2eW7ySXOrCTrenExm.pdf','1','','08.433.186/0001-84/empresa/VqHw3QAZrF4QEcbGwRsnliHdPKxDVhXvrsMq3CBn.pdf','1','','08.433.186/0001-84/empresa/rYtin216s5Tf53kJtftlGXcvLdhS6yJjPLpJlEwX.pdf','1','','08.433.186/0001-84/empresa/l7x0Zdi9s2HPqNiYVsMH5tLq5QEH0D7TQu6ybRfd.pdf','1','','08.433.186/0001-84/empresa/1frArKb6OhstnAdW9AkZWB8qb3KHRjHmHgmFxj9y.pdf','1','','08.433.186/0001-84/empresa/mnezLVtkeybrQve1H3QDMjnAsw4Ll6wVkHbi7OCU.pdf','1','','08.433.186/0001-84/empresa/TlBQC5BnBvDhiRLOEKxLKti4lM9prNZfwgQc0JOh.pdf','1',''),
(12,NULL,'1231233','47.657.025/0001-26','teste1113@teste.com','$2y$10$28WjipXF0K0mlMOBq3NPY.1w4kTEF.2ThP1cDNI5um4NTLZiXZIeC',NULL,NULL,'2023-07-20 20:14:55','2023-07-20 20:14:55',NULL,NULL,NULL,NULL,NULL,NULL,NULL,NULL,NULL,NULL,NULL,NULL,NULL,NULL,NULL,NULL,NULL,NULL,NULL,NULL,NULL,NULL,NULL,NULL,NULL,NULL,NULL,NULL,NULL,NULL,NULL),
(13,NULL,'teste  ma ltda','43.789.460/0001-53','thaiago_h_l@hotmail.com','$2y$10$5WWU2SJ5A6Iz2DXYf/xwPOM/P.pWnLiK.RUL6UhxMDtaa8LLY3R7K',NULL,NULL,'2023-07-20 20:15:44','2023-07-20 20:15:44',NULL,NULL,NULL,NULL,NULL,NULL,NULL,NULL,NULL,NULL,NULL,NULL,NULL,NULL,NULL,NULL,NULL,NULL,NULL,NULL,NULL,NULL,NULL,NULL,NULL,NULL,NULL,NULL,NULL,NULL,NULL);
/*!40000 ALTER TABLE `empresa_users` ENABLE KEYS */;
UNLOCK TABLES;

--
-- Table structure for table `enderecos`
--

DROP TABLE IF EXISTS `enderecos`;
/*!40101 SET @saved_cs_client     = @@character_set_client */;
/*!40101 SET character_set_client = utf8 */;
CREATE TABLE `enderecos` (
  `id` bigint(20) unsigned NOT NULL AUTO_INCREMENT,
  `id_pipeiro` bigint(20) DEFAULT NULL,
  `id_empresa` bigint(20) DEFAULT NULL,
  `cep` varchar(255) DEFAULT NULL,
  `logradouro` varchar(255) DEFAULT NULL,
  `bairro` varchar(255) DEFAULT NULL,
  `cidade` varchar(255) DEFAULT NULL,
  `estado` varchar(255) DEFAULT NULL,
  `comprovanteresidencia` varchar(255) DEFAULT NULL,
  `tipo` varchar(255) DEFAULT NULL,
  `created_at` timestamp NULL DEFAULT NULL,
  `updated_at` timestamp NULL DEFAULT NULL,
  `numero` varchar(255) DEFAULT NULL,
  `comprovanteresidencia_status` tinyint(4) DEFAULT NULL,
  `comprovanteresidencia_obs` varchar(255) DEFAULT NULL,
  PRIMARY KEY (`id`)
) ENGINE=InnoDB AUTO_INCREMENT=56 DEFAULT CHARSET=utf8mb4 COLLATE=utf8mb4_unicode_ci;
/*!40101 SET character_set_client = @saved_cs_client */;

--
-- Dumping data for table `enderecos`
--

LOCK TABLES `enderecos` WRITE;
/*!40000 ALTER TABLE `enderecos` DISABLE KEYS */;
INSERT INTO `enderecos` VALUES
(39,70,NULL,'53401-150','via local B','Centro','Paulista','1','073.502.964-44/cadastro/Ayp36HU8CFqoDs0e53HhcSyCs4gt3H7hihreOnJJ.pdf',NULL,'2023-07-19 02:40:19','2023-07-19 15:26:02','25',1,''),
(40,NULL,7,'53401-150','via local B','Centro','Paulista',NULL,'30.654.597/0001-59/empresa/ORQJp9DyMidX1De9aWXYkklWjwRaiVcYXs1LH10g.pdf',NULL,'2023-07-19 10:43:05','2023-07-26 17:53:18','25',1,''),
(41,71,NULL,NULL,NULL,'Centro','Paulista','1','00650853024/residencia/eGZLTwJDaP8iBLF4lifmfBqDuJ88Lrxkr5oIEw4S.pdf',NULL,'2023-07-19 13:51:55','2023-07-19 13:51:55','25',1,''),
(42,73,NULL,'53401-150',NULL,'Centro','Paulista',NULL,'006.508.530-24/cadastro/brZgbOLtrabzoKyouxB5ePwM5HBlqxmWMhqHmHJu.pdf',NULL,'2023-07-19 14:02:32','2023-07-19 18:46:28','25',1,''),
(43,NULL,8,'53130-540','Avenida Ministro Marcos Freire','Casa Caiada','Olinda','2','40.873.234/0001-68/empresa/JBanIzFUIZuPD34p68tIRZBaW2WNvxx4KogEUGJa.pdf',NULL,'2023-07-19 16:27:09','2023-07-19 19:36:54','692',1,''),
(44,74,NULL,'53130-540','Avenida Ministro Marcos Freire','Casa Caiada','Olinda','3',NULL,NULL,'2023-07-19 16:28:25','2023-07-19 16:28:25','692',NULL,NULL),
(45,75,NULL,'50000-000','Rua Orquestra','Bomba do Hemetério','Recife','1','643.355.200-50/cadastro/vhJ1pvqmMcR5zAAibeHbIXwTRfpGRlxws2ifCgFL.pdf',NULL,'2023-07-19 17:07:20','2023-07-19 17:10:11','23',99,'ilegivel'),
(46,76,NULL,'53130-540','Avenida Ministro Marcos Freire','Casa Caiada','Olinda','3','186.705.124-91/cadastro/KVxSNTZzdmCJ5jD6R3IEERa74EQUTG19juBYQXBG.pdf',NULL,'2023-07-19 18:56:31','2023-07-19 19:20:42','692',1,''),
(47,77,NULL,NULL,NULL,NULL,NULL,NULL,NULL,NULL,'2023-07-19 18:58:24','2023-07-19 18:58:24',NULL,NULL,NULL),
(48,79,NULL,NULL,NULL,NULL,NULL,NULL,NULL,NULL,'2023-07-19 19:05:01','2023-07-19 19:05:01',NULL,NULL,NULL),
(49,80,NULL,'50540-200','rua 10','curado','recife','1','869.279.304-34/cadastro/ipqyWq0uFtMZ0dJN6Y3rtcqIikuBritUybVx5Nlq.pdf',NULL,'2023-07-19 20:19:28','2023-07-19 20:19:28','20',1,''),
(50,NULL,9,'50000-000','Rua Orquestra','Bomba do Hemetério','Recife','1','47.464.974/0001-90/empresa/FAAfyj0Jfp1ly5Fyet6jkG95mnjv4JXg0sMZ026s.pdf',NULL,'2023-07-19 20:36:46','2023-07-19 20:36:46','23',1,''),
(51,NULL,11,'50000-000','Rua Orquestra','Bomba do Hemetério','Recife','1','08.433.186/0001-84/empresa/igA51vScqJxCKFhAHxqC2bRrpemGIvYi4G6qo9Ww.pdf',NULL,'2023-07-19 20:53:34','2023-07-19 20:53:34','23',1,''),
(52,88,NULL,NULL,NULL,NULL,NULL,NULL,'',NULL,'2023-08-03 21:46:32','2023-08-03 21:46:32',NULL,99,'O arquivo não era um PDF'),
(53,90,NULL,'55604-365','asdasdasd','LEROSDAS','asdasdas','13','480.026.090-69/cadastro/jm05REaUgwWwc9ks8MObSJI1BuqSLjuwyVkmzlce',NULL,'2023-08-10 21:33:36','2023-08-10 21:33:36','123',1,''),
(54,91,NULL,'55604-365','FDJKASLDKAJSDKASD','LEROSDAS','asdasdas','1','147.883.270-31/cadastro/29yBlton2EFJT4TtDds9bVsREJhMQO38hdF9tE9T.txt',NULL,'2023-08-11 14:30:02','2023-08-11 14:47:33','123',99,'<script> alert(\"xss\") </script>'),
(55,92,NULL,'55604-365','casa do pipeiro','bairro pipeiro','cidade pipeiro','18','491.200.650-51/cadastro/p1hpwFDzU3GJ23LYP9NQrOcJbF8oMegaXQ8r2TpF.txt',NULL,'2023-08-11 14:42:37','2023-08-11 14:42:37','1212',1,'');
/*!40000 ALTER TABLE `enderecos` ENABLE KEYS */;
UNLOCK TABLES;

--
-- Table structure for table `estados`
--

DROP TABLE IF EXISTS `estados`;
/*!40101 SET @saved_cs_client     = @@character_set_client */;
/*!40101 SET character_set_client = utf8 */;
CREATE TABLE `estados` (
  `id` bigint(20) unsigned NOT NULL AUTO_INCREMENT,
  `id_om` bigint(20) unsigned NOT NULL,
  `nome` varchar(255) NOT NULL,
  `sigla` varchar(255) NOT NULL,
  `imagem` varchar(255) NOT NULL,
  `created_at` timestamp NULL DEFAULT NULL,
  `updated_at` timestamp NULL DEFAULT NULL,
  PRIMARY KEY (`id`),
  KEY `estados_id_om_foreign` (`id_om`),
  CONSTRAINT `estados_id_om_foreign` FOREIGN KEY (`id_om`) REFERENCES `oms` (`id`)
) ENGINE=InnoDB AUTO_INCREMENT=28 DEFAULT CHARSET=utf8mb4 COLLATE=utf8mb4_unicode_ci;
/*!40101 SET character_set_client = @saved_cs_client */;

--
-- Dumping data for table `estados`
--

LOCK TABLES `estados` WRITE;
/*!40000 ALTER TABLE `estados` DISABLE KEYS */;
INSERT INTO `estados` VALUES
(1,2,'PERNAMBUCO','PE','','2023-05-23 19:24:33','2023-05-23 19:24:33'),
(2,2,'ALAGOAS','AL','','2023-05-23 19:24:33','2023-05-23 19:24:33'),
(3,1,'ACRE','AC','','2023-07-14 12:20:00','2023-07-14 12:20:00'),
(4,1,'AMAPÁ','AP','','2023-07-14 12:20:00','2023-07-14 12:20:00'),
(5,1,'AMAZONAS','AM','','2023-07-14 12:20:00','2023-07-14 12:20:00'),
(6,1,'BAHIA','BA','','2023-07-14 12:20:00','2023-07-14 12:20:00'),
(7,1,'CEARÁ','CE','','2023-07-14 12:20:00','2023-07-14 12:20:00'),
(8,1,'DISTRITO FEDERAL','DF','','2023-07-14 12:20:00','2023-07-14 12:20:00'),
(9,1,'ESPÍRITO SANTO','ES','','2023-07-14 12:20:00','2023-07-14 12:20:00'),
(10,1,'GOIÁS','GO','','2023-07-14 12:20:00','2023-07-14 12:20:00'),
(11,1,'MARANHÃO','MA','','2023-07-14 12:20:00','2023-07-14 12:20:00'),
(12,1,'MATO GROSSO','MT','','2023-07-14 12:20:00','2023-07-14 12:20:00'),
(13,1,'MATO GROSSO DO SUL','MS','','2023-07-14 12:20:00','2023-07-14 12:20:00'),
(14,1,'MINAS GERAIS','MG','','2023-07-14 12:20:00','2023-07-14 12:20:00'),
(15,1,'PARÁ','PA','','2023-07-14 12:20:00','2023-07-14 12:20:00'),
(16,1,'PARAÍBA','PB','','2023-07-14 12:20:00','2023-07-14 12:20:00'),
(18,1,'PIAUÍ','PI','','2023-07-14 12:20:00','2023-07-14 12:20:00'),
(19,1,'RIO DE JANEIRO','RJ','','2023-07-14 12:20:00','2023-07-14 12:20:00'),
(20,1,'RIO GRANDE DO NORTE','RN','','2023-07-14 12:20:00','2023-07-14 12:20:00'),
(21,1,'RIO GRANDE DO SUL','RS','','2023-07-14 12:20:00','2023-07-14 12:20:00'),
(22,1,'RONDÔNIA','RO','','2023-07-14 12:20:00','2023-07-14 12:20:00'),
(23,1,'RORAIMA','RR','','2023-07-14 12:20:00','2023-07-14 12:20:00'),
(24,1,'SANTA CATARINA','SC','','2023-07-14 12:20:00','2023-07-14 12:20:00'),
(25,1,'SÃO PAULO','SP','','2023-07-14 12:20:00','2023-07-14 12:20:00'),
(26,1,'Sergipe','SE','','0000-00-00 00:00:00','0000-00-00 00:00:00'),
(27,1,'Tocantins','TO','','0000-00-00 00:00:00','0000-00-00 00:00:00');
/*!40000 ALTER TABLE `estados` ENABLE KEYS */;
UNLOCK TABLES;

--
-- Table structure for table `failed_jobs`
--

DROP TABLE IF EXISTS `failed_jobs`;
/*!40101 SET @saved_cs_client     = @@character_set_client */;
/*!40101 SET character_set_client = utf8 */;
CREATE TABLE `failed_jobs` (
  `id` bigint(20) unsigned NOT NULL AUTO_INCREMENT,
  `uuid` varchar(255) NOT NULL,
  `connection` text NOT NULL,
  `queue` text NOT NULL,
  `payload` longtext NOT NULL,
  `exception` longtext NOT NULL,
  `failed_at` timestamp NOT NULL DEFAULT current_timestamp(),
  PRIMARY KEY (`id`),
  UNIQUE KEY `failed_jobs_uuid_unique` (`uuid`)
) ENGINE=InnoDB DEFAULT CHARSET=utf8mb4 COLLATE=utf8mb4_unicode_ci;
/*!40101 SET character_set_client = @saved_cs_client */;

--
-- Dumping data for table `failed_jobs`
--

LOCK TABLES `failed_jobs` WRITE;
/*!40000 ALTER TABLE `failed_jobs` DISABLE KEYS */;
/*!40000 ALTER TABLE `failed_jobs` ENABLE KEYS */;
UNLOCK TABLES;

--
-- Table structure for table `fale_conoscos`
--

DROP TABLE IF EXISTS `fale_conoscos`;
/*!40101 SET @saved_cs_client     = @@character_set_client */;
/*!40101 SET character_set_client = utf8 */;
CREATE TABLE `fale_conoscos` (
  `id` bigint(20) unsigned NOT NULL AUTO_INCREMENT,
  `id_user` varchar(255) DEFAULT NULL,
  `nome` varchar(255) DEFAULT NULL,
  `email` varchar(255) DEFAULT NULL,
  `mensagem` text DEFAULT NULL,
  `imagem` varchar(255) DEFAULT NULL,
  `created_at` timestamp NULL DEFAULT NULL,
  `updated_at` timestamp NULL DEFAULT NULL,
  `assunto` varchar(255) DEFAULT NULL,
  PRIMARY KEY (`id`)
) ENGINE=InnoDB AUTO_INCREMENT=11 DEFAULT CHARSET=utf8mb4 COLLATE=utf8mb4_unicode_ci;
/*!40101 SET character_set_client = @saved_cs_client */;

--
-- Dumping data for table `fale_conoscos`
--

LOCK TABLES `fale_conoscos` WRITE;
/*!40000 ALTER TABLE `fale_conoscos` DISABLE KEYS */;
INSERT INTO `fale_conoscos` VALUES
(7,'70','thiago lins','thiago_h_l@hotmail.com','teste 2','anexo//estNnnBQ4szjte4Xm3jniCMxipMWuKUfpBHeGsMj.pdf','2023-07-25 15:57:06','2023-07-25 15:57:06','teste 2'),
(8,'70','thiago lins','thiago_h_l@hotmail.com','teste 2','anexo/faleconosco//v1x1DzPnroOvBTeBojneOeTjS3FlMl2npgVGk6gN.pdf','2023-07-25 15:57:34','2023-07-25 15:57:34','teste 2'),
(9,'70','thiago lins','thiago_h_l@hotmail.com','teste 3','anexo/faleconosco/ZtbSCNsDV1GJVmgYoSTF6b1px5Sp4tUduQvmof2T.pdf','2023-07-27 18:10:11','2023-07-27 18:10:11','teste 3'),
(10,'70','thiago lins','thiago_h_l@hotmail.com','teste',NULL,'2023-08-09 20:49:36','2023-08-09 20:49:36','teste');
/*!40000 ALTER TABLE `fale_conoscos` ENABLE KEYS */;
UNLOCK TABLES;

--
-- Table structure for table `institutions`
--

DROP TABLE IF EXISTS `institutions`;
/*!40101 SET @saved_cs_client     = @@character_set_client */;
/*!40101 SET character_set_client = utf8 */;
CREATE TABLE `institutions` (
  `id` bigint(20) unsigned NOT NULL AUTO_INCREMENT,
  `nome` varchar(255) NOT NULL,
  `abrev` varchar(255) NOT NULL,
  `imagem` varchar(255) NOT NULL,
  `deleted_at` timestamp NULL DEFAULT NULL,
  `created_at` timestamp NULL DEFAULT NULL,
  `updated_at` timestamp NULL DEFAULT NULL,
  PRIMARY KEY (`id`)
) ENGINE=InnoDB AUTO_INCREMENT=6 DEFAULT CHARSET=utf8mb4 COLLATE=utf8mb4_unicode_ci;
/*!40101 SET character_set_client = @saved_cs_client */;

--
-- Dumping data for table `institutions`
--

LOCK TABLES `institutions` WRITE;
/*!40000 ALTER TABLE `institutions` DISABLE KEYS */;
INSERT INTO `institutions` VALUES
(1,'Exército','EB','',NULL,'2023-05-09 13:13:27','2023-05-09 13:13:27'),
(2,'Marinha','MB','',NULL,'2023-05-09 13:13:27','2023-05-09 13:13:27'),
(3,'Aeronáutica','FAB','',NULL,'2023-05-09 13:13:27','2023-05-09 13:13:27'),
(4,'Bombeiro','CB','',NULL,'2023-05-09 13:13:27','2023-05-09 13:13:27'),
(5,'Civil','SC','',NULL,'2023-05-09 13:13:27','2023-05-09 13:13:27');
/*!40000 ALTER TABLE `institutions` ENABLE KEYS */;
UNLOCK TABLES;

--
-- Table structure for table `migrations`
--

DROP TABLE IF EXISTS `migrations`;
/*!40101 SET @saved_cs_client     = @@character_set_client */;
/*!40101 SET character_set_client = utf8 */;
CREATE TABLE `migrations` (
  `id` int(10) unsigned NOT NULL AUTO_INCREMENT,
  `migration` varchar(255) NOT NULL,
  `batch` int(11) NOT NULL,
  PRIMARY KEY (`id`)
) ENGINE=InnoDB AUTO_INCREMENT=116 DEFAULT CHARSET=utf8mb4 COLLATE=utf8mb4_unicode_ci;
/*!40101 SET character_set_client = @saved_cs_client */;

--
-- Dumping data for table `migrations`
--

LOCK TABLES `migrations` WRITE;
/*!40000 ALTER TABLE `migrations` DISABLE KEYS */;
INSERT INTO `migrations` VALUES
(49,'2014_10_12_000000_create_users_table',1),
(50,'2014_10_12_100000_create_password_reset_tokens_table',1),
(51,'2019_08_19_000000_create_failed_jobs_table',1),
(52,'2019_12_14_000001_create_personal_access_tokens_table',1),
(53,'2023_03_23_163301_create_institutions_table',1),
(54,'2023_03_24_105440_create_pgs_table',1),
(55,'2023_03_27_180329_create_oms_table',1),
(56,'2023_04_03_014024_create_operador_users_table',1),
(57,'2023_04_03_015327_create_empresa_users_table',1),
(58,'2023_04_03_015343_create_pipeiro_users_table',1),
(59,'2023_05_08_011342_create_editals_table',1),
(60,'2023_05_08_015436_create_edital_documentos_table',1),
(61,'2023_05_08_015920_create_processos_table',1),
(62,'2023_05_08_020209_create_processo_pipeiros_table',1),
(63,'2023_05_23_131034_create_estados_table',2),
(64,'2023_05_23_131042_create_municipios_table',2),
(101,'2023_05_25_172720_create_veiculos_table',3),
(102,'2023_05_25_172822_create_dadosbancarios_table',3),
(103,'2023_05_25_193805_create_credenciamentos_table',3),
(104,'2023_05_26_040613_create_enderecos_table',3),
(105,'2023_05_31_104652_add_column_credenciamentos_table',4),
(106,'2023_07_06_164639_add_fotocaminhao_to_pipeirouser_table',5),
(107,'2023_07_06_170124_add_numero_to_enderecos_table',5),
(108,'2023_07_11_070539_add_genero_to__pipeiro_users_table',6),
(109,'2023_07_12_083151_add_proprio_to_veiculos_table',7),
(110,'2023_07_12_181949_add_arquivos_to_credenciamento_table',8),
(112,'2023_07_17_163114_add_id_empresa_to__pipeiro_users_table',9),
(113,'2023_07_19_073052_add_doc_emp_alf_to__empresa_users_table',10),
(114,'2023_07_21_153845_create_fale_conoscos_table',11),
(115,'2023_07_24_165923_add_assunto_to_fale_conosco',12);
/*!40000 ALTER TABLE `migrations` ENABLE KEYS */;
UNLOCK TABLES;

--
-- Table structure for table `municipios`
--

DROP TABLE IF EXISTS `municipios`;
/*!40101 SET @saved_cs_client     = @@character_set_client */;
/*!40101 SET character_set_client = utf8 */;
CREATE TABLE `municipios` (
  `id` bigint(20) unsigned NOT NULL AUTO_INCREMENT,
  `id_estado` bigint(20) unsigned NOT NULL,
  `id_om` bigint(20) unsigned NOT NULL,
  `nome` varchar(255) NOT NULL,
  `ibge` varchar(255) NOT NULL,
  `status` varchar(255) NOT NULL,
  `datainicio` varchar(255) NOT NULL,
  `created_at` timestamp NULL DEFAULT NULL,
  `updated_at` timestamp NULL DEFAULT NULL,
  PRIMARY KEY (`id`),
  KEY `municipios_id_estado_foreign` (`id_estado`),
  KEY `municipios_id_om_foreign` (`id_om`),
  CONSTRAINT `municipios_id_estado_foreign` FOREIGN KEY (`id_estado`) REFERENCES `estados` (`id`),
  CONSTRAINT `municipios_id_om_foreign` FOREIGN KEY (`id_om`) REFERENCES `oms` (`id`)
) ENGINE=InnoDB AUTO_INCREMENT=192 DEFAULT CHARSET=utf8mb4 COLLATE=utf8mb4_unicode_ci;
/*!40101 SET character_set_client = @saved_cs_client */;

--
-- Dumping data for table `municipios`
--

LOCK TABLES `municipios` WRITE;
/*!40000 ALTER TABLE `municipios` DISABLE KEYS */;
INSERT INTO `municipios` VALUES
(54,1,2,'AGRESTINA','2600302','1','23/05/2023 16:24','0000-00-00 00:00:00','0000-00-00 00:00:00'),
(55,1,2,'ÁGUA BELAS','','1','23/05/2023 16:24','0000-00-00 00:00:00','0000-00-00 00:00:00'),
(56,2,2,'ÁGUA BRANCA','','1','23/05/2023 16:24','0000-00-00 00:00:00','0000-00-00 00:00:00'),
(57,1,2,'ALAGOINHAS','','1','23/05/2023 16:24','0000-00-00 00:00:00','0000-00-00 00:00:00'),
(58,1,2,'ALTINHO','2600807','1','23/05/2023 16:24','0000-00-00 00:00:00','0000-00-00 00:00:00'),
(59,1,2,'ANGELIM','','1','23/05/2023 16:24','0000-00-00 00:00:00','0000-00-00 00:00:00'),
(60,2,2,'ARAPIRACA','','1','23/05/2023 16:24','0000-00-00 00:00:00','0000-00-00 00:00:00'),
(61,1,2,'ARCOVERDE','2601201','1','23/05/2023 16:24','0000-00-00 00:00:00','0000-00-00 00:00:00'),
(62,2,2,'BATALHA','','1','23/05/2023 16:24','0000-00-00 00:00:00','0000-00-00 00:00:00'),
(63,1,2,'BELÉM DE SÃO FRANCISCO','','1','23/05/2023 16:24','0000-00-00 00:00:00','0000-00-00 00:00:00'),
(64,1,2,'BELO JARDIM','','1','23/05/2023 16:24','0000-00-00 00:00:00','0000-00-00 00:00:00'),
(65,2,2,'BELO MONTE','','1','23/05/2023 16:24','0000-00-00 00:00:00','0000-00-00 00:00:00'),
(66,1,2,'BETÂNIA','','1','23/05/2023 16:24','0000-00-00 00:00:00','0000-00-00 00:00:00'),
(67,1,2,'BOM CONSELHO','2601904','1','23/05/2023 16:24','0000-00-00 00:00:00','0000-00-00 00:00:00'),
(68,1,2,'BREJÃO','','1','23/05/2023 16:24','0000-00-00 00:00:00','0000-00-00 00:00:00'),
(69,1,2,'CABROBÓ','2602209','1','23/05/2023 16:24','0000-00-00 00:00:00','0000-00-00 00:00:00'),
(70,2,2,'CACIMBINHAS','','1','23/05/2023 16:24','0000-00-00 00:00:00','0000-00-00 00:00:00'),
(71,1,2,'CAETÉS','2602605','1','23/05/2023 16:24','0000-00-00 00:00:00','0000-00-00 00:00:00'),
(72,2,2,'CANAPI','','1','23/05/2023 16:24','0000-00-00 00:00:00','0000-00-00 00:00:00'),
(73,1,2,'CAPOEIRAS','2603108','1','23/05/2023 16:24','0000-00-00 00:00:00','0000-00-00 00:00:00'),
(74,1,2,'CARNAUBEIRA DA PENHA','','1','23/05/2023 16:24','0000-00-00 00:00:00','0000-00-00 00:00:00'),
(75,2,2,'CARNEIROS','','1','23/05/2023 16:24','0000-00-00 00:00:00','0000-00-00 00:00:00'),
(76,2,2,'COITÉ DO NÓIA','2603306','1','23/05/2023 16:24','0000-00-00 00:00:00','0000-00-00 00:00:00'),
(77,2,2,'CRAÍBAS','','1','23/05/2023 16:24','0000-00-00 00:00:00','0000-00-00 00:00:00'),
(78,1,2,'CUSTÓDIA','','1','23/05/2023 16:24','0000-00-00 00:00:00','0000-00-00 00:00:00'),
(79,2,2,'DELMIRO GOUVEIA','','1','23/05/2023 16:24','0000-00-00 00:00:00','0000-00-00 00:00:00'),
(80,2,2,'DOIS RIACHOS','','1','23/05/2023 16:24','0000-00-00 00:00:00','0000-00-00 00:00:00'),
(81,2,2,'ESTRELA DE ALAGOAS','2604106','1','23/05/2023 16:24','0000-00-00 00:00:00','0000-00-00 00:00:00'),
(82,1,2,'FLORESTA','2604155','1','23/05/2023 16:24','0000-00-00 00:00:00','0000-00-00 00:00:00'),
(83,2,2,'GIRAU DO PONCIANO','','1','23/05/2023 16:24','0000-00-00 00:00:00','0000-00-00 00:00:00'),
(84,1,2,'IATI','','1','23/05/2023 16:24','0000-00-00 00:00:00','0000-00-00 00:00:00'),
(85,1,2,'IBIRAJUBA','2604908','1','23/05/2023 16:24','0000-00-00 00:00:00','0000-00-00 00:00:00'),
(86,2,2,'IGACI','','1','23/05/2023 16:24','0000-00-00 00:00:00','0000-00-00 00:00:00'),
(87,1,2,'IGUARACI','','1','23/05/2023 16:24','0000-00-00 00:00:00','0000-00-00 00:00:00'),
(88,1,2,'INGAZEIRA','','1','23/05/2023 16:24','0000-00-00 00:00:00','0000-00-00 00:00:00'),
(89,2,2,'INHAPI','','1','23/05/2023 16:24','0000-00-00 00:00:00','0000-00-00 00:00:00'),
(90,2,2,'JACARÉ DOS HOMENS','','1','23/05/2023 16:24','0000-00-00 00:00:00','0000-00-00 00:00:00'),
(91,2,2,'JARAMATAIA','2605806','1','23/05/2023 16:24','0000-00-00 00:00:00','0000-00-00 00:00:00'),
(92,1,2,'JOÃO ALFREDO','','1','23/05/2023 16:24','0000-00-00 00:00:00','0000-00-00 00:00:00'),
(93,1,2,'JUCATI','2606408','1','23/05/2023 16:24','0000-00-00 00:00:00','0000-00-00 00:00:00'),
(94,1,2,'JUPI','','1','23/05/2023 16:24','0000-00-00 00:00:00','0000-00-00 00:00:00'),
(95,2,2,'LAGOA DA CANOA','2606705','1','23/05/2023 16:24','0000-00-00 00:00:00','0000-00-00 00:00:00'),
(96,1,2,'LAGOA DO OURO','','1','23/05/2023 16:24','0000-00-00 00:00:00','0000-00-00 00:00:00'),
(97,1,2,'LIMOEIRO','','1','23/05/2023 16:24','0000-00-00 00:00:00','0000-00-00 00:00:00'),
(98,2,2,'MAJOR IZIDORO','','1','23/05/2023 16:24','0000-00-00 00:00:00','0000-00-00 00:00:00'),
(99,2,2,'MARAVILHA','','1','23/05/2023 16:24','0000-00-00 00:00:00','0000-00-00 00:00:00'),
(100,2,2,'MATA GRANDE','','1','23/05/2023 16:24','0000-00-00 00:00:00','0000-00-00 00:00:00'),
(101,2,2,'MINADOR DO NEGRÃO','','1','23/05/2023 16:24','0000-00-00 00:00:00','0000-00-00 00:00:00'),
(102,1,2,'MIRANDIBA','','1','23/05/2023 16:24','0000-00-00 00:00:00','0000-00-00 00:00:00'),
(103,2,2,'MONTEIRÓPOLIS','2608008','1','23/05/2023 16:24','0000-00-00 00:00:00','0000-00-00 00:00:00'),
(104,2,2,'OLHO DÁGUA DAS FLORES','','1','23/05/2023 16:24','0000-00-00 00:00:00','0000-00-00 00:00:00'),
(105,2,2,'OLHO DÁGUA DO CASADO','2608255','1','23/05/2023 16:24','0000-00-00 00:00:00','0000-00-00 00:00:00'),
(106,2,2,'OLIVENÇA','2608305','1','23/05/2023 16:24','0000-00-00 00:00:00','0000-00-00 00:00:00'),
(107,1,2,'ÓROBO','2608404','1','23/05/2023 16:24','0000-00-00 00:00:00','0000-00-00 00:00:00'),
(108,2,2,'OURO BRANCO','','1','23/05/2023 16:24','0000-00-00 00:00:00','0000-00-00 00:00:00'),
(109,2,2,'PALESTINA','','1','23/05/2023 16:24','0000-00-00 00:00:00','0000-00-00 00:00:00'),
(110,2,2,'PALMEIRAS DOS ÍNDIOS','2607703','1','23/05/2023 16:24','0000-00-00 00:00:00','0000-00-00 00:00:00'),
(111,2,2,'PÃO DE AÇÚCAR','2608909','1','23/05/2023 16:24','0000-00-00 00:00:00','0000-00-00 00:00:00'),
(112,1,2,'PARANATAMA','','1','23/05/2023 16:24','0000-00-00 00:00:00','0000-00-00 00:00:00'),
(113,2,2,'PARICONHA','','1','23/05/2023 16:24','0000-00-00 00:00:00','0000-00-00 00:00:00'),
(114,1,2,'PARNAMIRIM','','1','23/05/2023 16:24','0000-00-00 00:00:00','0000-00-00 00:00:00'),
(115,1,2,'PASSIRA','','1','23/05/2023 16:24','0000-00-00 00:00:00','0000-00-00 00:00:00'),
(116,1,2,'PEDRA','','1','23/05/2023 16:24','0000-00-00 00:00:00','0000-00-00 00:00:00'),
(117,1,2,'PESQUEIRA','','1','23/05/2023 16:24','0000-00-00 00:00:00','0000-00-00 00:00:00'),
(118,2,2,'PIRANHAS','','1','23/05/2023 16:24','0000-00-00 00:00:00','0000-00-00 00:00:00'),
(119,1,2,'POÇÃO','','1','23/05/2023 16:24','0000-00-00 00:00:00','0000-00-00 00:00:00'),
(120,2,2,'POÇO DAS TRINCHEIRAS','','1','23/05/2023 16:24','0000-00-00 00:00:00','0000-00-00 00:00:00'),
(121,1,2,'POMBOS','2609709','1','23/05/2023 16:24','0000-00-00 00:00:00','0000-00-00 00:00:00'),
(122,2,2,'QUEBRANGULO','','1','23/05/2023 16:24','0000-00-00 00:00:00','0000-00-00 00:00:00'),
(123,1,2,'QUIXABA','','1','23/05/2023 16:24','0000-00-00 00:00:00','0000-00-00 00:00:00'),
(124,1,2,'RIACHO DAS ALMAS','','1','23/05/2023 16:24','0000-00-00 00:00:00','0000-00-00 00:00:00'),
(125,1,2,'SAIRÊ','','1','23/05/2023 16:24','0000-00-00 00:00:00','0000-00-00 00:00:00'),
(126,1,2,'SALGADINHO','','1','23/05/2023 16:24','0000-00-00 00:00:00','0000-00-00 00:00:00'),
(127,1,2,'SALGUEIRO','','1','23/05/2023 16:24','0000-00-00 00:00:00','0000-00-00 00:00:00'),
(128,1,2,'SALOÁ','','1','23/05/2023 16:24','0000-00-00 00:00:00','0000-00-00 00:00:00'),
(129,1,2,'SANHARÓ','','1','23/05/2023 16:24','0000-00-00 00:00:00','0000-00-00 00:00:00'),
(130,1,2,'SANTA CRUZ DA BAIXA VERDE ','','1','23/05/2023 16:24','0000-00-00 00:00:00','0000-00-00 00:00:00'),
(131,1,2,'SANTA CRUZ DO CAPIBARIBE','2610905','1','23/05/2023 16:24','0000-00-00 00:00:00','0000-00-00 00:00:00'),
(132,1,2,'SANTA MARIA DO CAMBUCÁ','','1','23/05/2023 16:24','0000-00-00 00:00:00','0000-00-00 00:00:00'),
(133,1,2,'SANTA TEREZINHA','','1','23/05/2023 16:24','0000-00-00 00:00:00','0000-00-00 00:00:00'),
(134,2,2,'SANTANA DO IPANEMA','','1','23/05/2023 16:24','0000-00-00 00:00:00','0000-00-00 00:00:00'),
(135,1,2,'SÃO BENTO DO UNA','2214709','1','23/05/2023 16:24','0000-00-00 00:00:00','0000-00-00 00:00:00'),
(136,1,2,'SÃO CAETANO','','1','23/05/2023 16:24','0000-00-00 00:00:00','0000-00-00 00:00:00'),
(137,1,2,'SÃO JOÃO','','1','23/05/2023 16:24','0000-00-00 00:00:00','0000-00-00 00:00:00'),
(138,2,2,'SÃO JOSÉ DA TAPERA','2611705','1','23/05/2023 16:24','0000-00-00 00:00:00','0000-00-00 00:00:00'),
(139,1,2,'SÃO JOSÉ DO BELMONTE','2612000','1','23/05/2023 16:24','0000-00-00 00:00:00','0000-00-00 00:00:00'),
(140,2,2,'SENADOR RUI PALMEIRA','','1','23/05/2023 16:24','0000-00-00 00:00:00','0000-00-00 00:00:00'),
(141,1,2,'SERTÂNIA','','1','23/05/2023 16:24','0000-00-00 00:00:00','0000-00-00 00:00:00'),
(142,1,2,'SOLIDÃO','','1','23/05/2023 16:24','0000-00-00 00:00:00','0000-00-00 00:00:00'),
(143,1,2,'SURUBIM','2612406','1','23/05/2023 16:24','0000-00-00 00:00:00','0000-00-00 00:00:00'),
(144,1,2,'TABIRA','2612471','1','23/05/2023 16:24','0000-00-00 00:00:00','0000-00-00 00:00:00'),
(146,1,2,'TAQUARITINGA DO NORTE','2612703','1','23/05/2023 16:24','0000-00-00 00:00:00','0000-00-00 00:00:00'),
(147,1,2,'TEREZINHA','','1','23/05/2023 16:24','0000-00-00 00:00:00','0000-00-00 00:00:00'),
(150,1,2,'TRIUNFO','2613107','1','23/05/2023 16:24','0000-00-00 00:00:00','0000-00-00 00:00:00'),
(152,1,2,'VENTUROSA','','1','23/05/2023 16:24','0000-00-00 00:00:00','0000-00-00 00:00:00'),
(153,1,2,'VERDEJANTE','','1','23/05/2023 16:24','0000-00-00 00:00:00','0000-00-00 00:00:00'),
(159,1,2,'TACAIMBÓ','2614709','1','23/05/2023 16:24','0000-00-00 00:00:00','0000-00-00 00:00:00'),
(162,1,2,'TORITAMA','2615409','1','23/05/2023 16:24','0000-00-00 00:00:00','0000-00-00 00:00:00'),
(163,2,2,'TRAIPU','','1','23/05/2023 16:24','0000-00-00 00:00:00','0000-00-00 00:00:00'),
(165,1,2,'TUPARETAMA','2615904','1','23/05/2023 16:24','0000-00-00 00:00:00','0000-00-00 00:00:00'),
(168,1,2,'VERTENTE DO LERIO','2616183','1','23/05/2023 16:24','0000-00-00 00:00:00','0000-00-00 00:00:00'),
(169,1,2,'VERTENTES','2616209','1','23/05/2023 16:24','0000-00-00 00:00:00','0000-00-00 00:00:00'),
(171,1,2,'AFOGADOS DA INGAZEIRA','','1','24/05/2023 16:24','0000-00-00 00:00:00','0000-00-00 00:00:00'),
(172,1,2,'BREJINHO','','1','25/05/2023 16:24','0000-00-00 00:00:00','0000-00-00 00:00:00'),
(173,1,2,'FLORES','','1','26/05/2023 16:24','0000-00-00 00:00:00','0000-00-00 00:00:00'),
(174,1,2,'ITAPETIM','','1','27/05/2023 16:24','0000-00-00 00:00:00','0000-00-00 00:00:00'),
(176,1,2,'SERRA TALHADA','','1','29/05/2023 16:24','0000-00-00 00:00:00','0000-00-00 00:00:00'),
(178,1,2,'BOM JARDIM','','1','31/05/2023 16:24','0000-00-00 00:00:00','0000-00-00 00:00:00'),
(179,1,2,'BREJO DA MADRE DE DEUS','','1','01/06/2023 16:24','0000-00-00 00:00:00','0000-00-00 00:00:00'),
(180,1,2,'CARUARU','','1','02/06/2023 16:24','0000-00-00 00:00:00','0000-00-00 00:00:00'),
(181,1,2,'CASINHA','','1','03/06/2023 16:24','0000-00-00 00:00:00','0000-00-00 00:00:00'),
(182,1,2,'CUMARU','','1','04/06/2023 16:24','0000-00-00 00:00:00','0000-00-00 00:00:00'),
(183,1,2,'FREI MIGUELINHO','','1','05/06/2023 16:24','0000-00-00 00:00:00','0000-00-00 00:00:00'),
(184,1,2,'JATAUBA','','1','06/06/2023 16:24','0000-00-00 00:00:00','0000-00-00 00:00:00'),
(186,1,2,'BEZERROS','','1','08/06/2023 16:24','0000-00-00 00:00:00','0000-00-00 00:00:00'),
(187,1,2,'CACHOEIRINHA','','1','09/06/2023 16:24','0000-00-00 00:00:00','0000-00-00 00:00:00'),
(188,1,2,'CALÇADO','','1','10/06/2023 16:24','0000-00-00 00:00:00','0000-00-00 00:00:00'),
(189,1,2,'GRAVATÁ','','1','11/06/2023 16:24','0000-00-00 00:00:00','0000-00-00 00:00:00'),
(190,1,2,'JUREMA','','1','12/06/2023 16:24','0000-00-00 00:00:00','0000-00-00 00:00:00'),
(191,1,2,'LAJEDO','','1','13/06/2023 16:24','0000-00-00 00:00:00','0000-00-00 00:00:00');
/*!40000 ALTER TABLE `municipios` ENABLE KEYS */;
UNLOCK TABLES;

--
-- Table structure for table `oms`
--

DROP TABLE IF EXISTS `oms`;
/*!40101 SET @saved_cs_client     = @@character_set_client */;
/*!40101 SET character_set_client = utf8 */;
CREATE TABLE `oms` (
  `id` bigint(20) unsigned NOT NULL AUTO_INCREMENT,
  `nome` varchar(255) NOT NULL,
  `sigla` varchar(255) NOT NULL,
  `denominacao` varchar(255) NOT NULL,
  `imagem` varchar(255) NOT NULL,
  `id_om` int(11) NOT NULL,
  `deleted_at` timestamp NULL DEFAULT NULL,
  `created_at` timestamp NULL DEFAULT NULL,
  `updated_at` timestamp NULL DEFAULT NULL,
  PRIMARY KEY (`id`)
) ENGINE=InnoDB AUTO_INCREMENT=4 DEFAULT CHARSET=utf8mb4 COLLATE=utf8mb4_unicode_ci;
/*!40101 SET character_set_client = @saved_cs_client */;

--
-- Dumping data for table `oms`
--

LOCK TABLES `oms` WRITE;
/*!40000 ALTER TABLE `oms` DISABLE KEYS */;
INSERT INTO `oms` VALUES
(1,'Comando Militar do Nordeste','CMNE','','',0,NULL,'2023-05-09 13:13:27','2023-05-09 13:13:27'),
(2,'7ª Região Militar','7ª RM','Região Matias de Albuquerque','',1,NULL,'2023-05-09 13:13:27','2023-05-09 13:13:27'),
(3,'Base Administrativa do Curado','B ADM CURADO','Base Mestre de Campo Antonio Curado Vidal','',2,NULL,'2023-05-09 13:13:27','2023-05-09 13:13:27');
/*!40000 ALTER TABLE `oms` ENABLE KEYS */;
UNLOCK TABLES;

--
-- Table structure for table `operador_users`
--

DROP TABLE IF EXISTS `operador_users`;
/*!40101 SET @saved_cs_client     = @@character_set_client */;
/*!40101 SET character_set_client = utf8 */;
CREATE TABLE `operador_users` (
  `id` bigint(20) unsigned NOT NULL AUTO_INCREMENT,
  `nome` varchar(255) NOT NULL,
  `nomeguerra` varchar(255) NOT NULL,
  `identidade` varchar(255) NOT NULL,
  `email` varchar(255) NOT NULL,
  `cpf` varchar(255) NOT NULL,
  `email_verified_at` timestamp NULL DEFAULT NULL,
  `password` varchar(255) NOT NULL,
  `id_om` bigint(20) unsigned NOT NULL,
  `id_pg` bigint(20) unsigned NOT NULL,
  `img` varchar(255) DEFAULT NULL,
  `remember_token` varchar(100) DEFAULT NULL,
  `created_at` timestamp NULL DEFAULT NULL,
  `updated_at` timestamp NULL DEFAULT NULL,
  `deleted_at` timestamp NULL DEFAULT NULL,
  PRIMARY KEY (`id`),
  UNIQUE KEY `operador_users_email_unique` (`email`),
  UNIQUE KEY `operador_users_cpf_unique` (`cpf`),
  KEY `operador_users_id_om_foreign` (`id_om`),
  KEY `operador_users_id_pg_foreign` (`id_pg`),
  CONSTRAINT `operador_users_id_om_foreign` FOREIGN KEY (`id_om`) REFERENCES `oms` (`id`),
  CONSTRAINT `operador_users_id_pg_foreign` FOREIGN KEY (`id_pg`) REFERENCES `pgs` (`id`)
) ENGINE=InnoDB AUTO_INCREMENT=8 DEFAULT CHARSET=utf8mb4 COLLATE=utf8mb4_unicode_ci;
/*!40101 SET character_set_client = @saved_cs_client */;

--
-- Dumping data for table `operador_users`
--

LOCK TABLES `operador_users` WRITE;
/*!40000 ALTER TABLE `operador_users` DISABLE KEYS */;
INSERT INTO `operador_users` VALUES
(1,'Administrador','Admin','000000000-0','admin@7rm.eb.mil.br','07350296444',NULL,'$2y$10$ffPWb4Pjrw3IT7bQUM47P.xdYWd5/BGmsk4pkFSgIjUM/XQn81QIK',2,1,'',NULL,'2023-05-09 13:13:27','2023-05-09 13:13:27',NULL),
(5,'Helles','Helles','00000000','exemplo@exemplo.com','03226049402',NULL,'$2y$10$ffPWb4Pjrw3IT7bQUM47P.xdYWd5/BGmsk4pkFSgIjUM/XQn81QIK',2,10,NULL,NULL,NULL,NULL,NULL),
(7,'Amauri augusto de oliveira','amauri','0000000000000','amauribrother@gmail.com','86927930434',NULL,'$2y$10$ffPWb4Pjrw3IT7bQUM47P.xdYWd5/BGmsk4pkFSgIjUM/XQn81QIK',2,12,NULL,NULL,NULL,NULL,NULL);
/*!40000 ALTER TABLE `operador_users` ENABLE KEYS */;
UNLOCK TABLES;

--
-- Table structure for table `password_reset_tokens`
--

DROP TABLE IF EXISTS `password_reset_tokens`;
/*!40101 SET @saved_cs_client     = @@character_set_client */;
/*!40101 SET character_set_client = utf8 */;
CREATE TABLE `password_reset_tokens` (
  `email` varchar(255) NOT NULL,
  `token` varchar(255) NOT NULL,
  `created_at` timestamp NULL DEFAULT NULL,
  PRIMARY KEY (`email`)
) ENGINE=InnoDB DEFAULT CHARSET=utf8mb4 COLLATE=utf8mb4_unicode_ci;
/*!40101 SET character_set_client = @saved_cs_client */;

--
-- Dumping data for table `password_reset_tokens`
--

LOCK TABLES `password_reset_tokens` WRITE;
/*!40000 ALTER TABLE `password_reset_tokens` DISABLE KEYS */;
/*!40000 ALTER TABLE `password_reset_tokens` ENABLE KEYS */;
UNLOCK TABLES;

--
-- Table structure for table `personal_access_tokens`
--

DROP TABLE IF EXISTS `personal_access_tokens`;
/*!40101 SET @saved_cs_client     = @@character_set_client */;
/*!40101 SET character_set_client = utf8 */;
CREATE TABLE `personal_access_tokens` (
  `id` bigint(20) unsigned NOT NULL AUTO_INCREMENT,
  `tokenable_type` varchar(255) NOT NULL,
  `tokenable_id` bigint(20) unsigned NOT NULL,
  `name` varchar(255) NOT NULL,
  `token` varchar(64) NOT NULL,
  `abilities` text DEFAULT NULL,
  `last_used_at` timestamp NULL DEFAULT NULL,
  `expires_at` timestamp NULL DEFAULT NULL,
  `created_at` timestamp NULL DEFAULT NULL,
  `updated_at` timestamp NULL DEFAULT NULL,
  PRIMARY KEY (`id`),
  UNIQUE KEY `personal_access_tokens_token_unique` (`token`),
  KEY `personal_access_tokens_tokenable_type_tokenable_id_index` (`tokenable_type`,`tokenable_id`)
) ENGINE=InnoDB DEFAULT CHARSET=utf8mb4 COLLATE=utf8mb4_unicode_ci;
/*!40101 SET character_set_client = @saved_cs_client */;

--
-- Dumping data for table `personal_access_tokens`
--

LOCK TABLES `personal_access_tokens` WRITE;
/*!40000 ALTER TABLE `personal_access_tokens` DISABLE KEYS */;
/*!40000 ALTER TABLE `personal_access_tokens` ENABLE KEYS */;
UNLOCK TABLES;

--
-- Table structure for table `pgs`
--

DROP TABLE IF EXISTS `pgs`;
/*!40101 SET @saved_cs_client     = @@character_set_client */;
/*!40101 SET character_set_client = utf8 */;
CREATE TABLE `pgs` (
  `id` bigint(20) unsigned NOT NULL AUTO_INCREMENT,
  `id_institution` bigint(20) unsigned NOT NULL,
  `nome` varchar(255) NOT NULL,
  `sigla` varchar(255) NOT NULL,
  `imagem` varchar(255) NOT NULL,
  `ord` int(11) NOT NULL,
  `deleted_at` timestamp NULL DEFAULT NULL,
  `created_at` timestamp NULL DEFAULT NULL,
  `updated_at` timestamp NULL DEFAULT NULL,
  PRIMARY KEY (`id`),
  KEY `pgs_id_institution_foreign` (`id_institution`),
  CONSTRAINT `pgs_id_institution_foreign` FOREIGN KEY (`id_institution`) REFERENCES `institutions` (`id`)
) ENGINE=InnoDB AUTO_INCREMENT=19 DEFAULT CHARSET=utf8mb4 COLLATE=utf8mb4_unicode_ci;
/*!40101 SET character_set_client = @saved_cs_client */;

--
-- Dumping data for table `pgs`
--

LOCK TABLES `pgs` WRITE;
/*!40000 ALTER TABLE `pgs` DISABLE KEYS */;
INSERT INTO `pgs` VALUES
(1,1,'Marechal','Mar','',1,NULL,'2023-05-09 13:13:27','2023-05-09 13:13:27'),
(2,1,'General de Exercito','GEN EXE','',2,NULL,'2023-05-09 13:13:27','2023-05-09 13:13:27'),
(3,1,'General de Divisão','GEN DIV','',3,NULL,'2023-05-09 13:13:27','2023-05-09 13:13:27'),
(4,1,'General de Brigada','GEN BDA','',4,NULL,'2023-05-09 13:13:27','2023-05-09 13:13:27'),
(5,1,'CORONEL','CEL','',5,NULL,'2023-05-09 13:13:27','2023-05-09 13:13:27'),
(6,1,'Tenente Coronel','TC','',6,NULL,'2023-05-09 13:13:27','2023-05-09 13:13:27'),
(7,1,'Major','MAJ','',7,NULL,'2023-05-09 13:13:27','2023-05-09 13:13:27'),
(8,1,'Capitão','CAP','',8,NULL,'2023-05-09 13:13:27','2023-05-09 13:13:27'),
(9,1,'1° Tenente','1° TEN','',9,NULL,'2023-05-09 13:13:27','2023-05-09 13:13:27'),
(10,1,'2° Tenente','2° TEN','',10,NULL,'2023-05-09 13:13:27','2023-05-09 13:13:27'),
(11,1,'Aspirante','Asp','',11,NULL,'2023-05-09 13:13:27','2023-05-09 13:13:27'),
(12,1,'Sub Tenente','ST','',12,NULL,'2023-05-09 13:13:27','2023-05-09 13:13:27'),
(13,1,'1° Sargento','1° SGT','',13,NULL,'2023-05-09 13:13:27','2023-05-09 13:13:27'),
(14,1,'2° Sargento','2° SGT','',14,NULL,'2023-05-09 13:13:27','2023-05-09 13:13:27'),
(15,1,'3° Sargento','3° SGT','',15,NULL,'2023-05-09 13:13:27','2023-05-09 13:13:27'),
(16,1,'Cabo','CB','',16,NULL,'2023-05-09 13:13:27','2023-05-09 13:13:27'),
(17,1,'Soldado Efv Prf','SD EP','',17,NULL,'2023-05-09 13:13:27','2023-05-09 13:13:27'),
(18,1,'Soldado Efv Vrv','SD EV','',18,NULL,'2023-05-09 13:13:27','2023-05-09 13:13:27');
/*!40000 ALTER TABLE `pgs` ENABLE KEYS */;
UNLOCK TABLES;

--
-- Table structure for table `pipeiro_users`
--

DROP TABLE IF EXISTS `pipeiro_users`;
/*!40101 SET @saved_cs_client     = @@character_set_client */;
/*!40101 SET character_set_client = utf8 */;
CREATE TABLE `pipeiro_users` (
  `id` bigint(20) unsigned NOT NULL AUTO_INCREMENT,
  `nome` varchar(255) NOT NULL,
  `identidade` varchar(255) DEFAULT NULL,
  `identidadeemissor` varchar(255) DEFAULT NULL,
  `identidadedata` varchar(255) DEFAULT NULL,
  `cpf` varchar(255) NOT NULL,
  `email` varchar(255) DEFAULT NULL,
  `email_verified_at` timestamp NULL DEFAULT NULL,
  `password` varchar(255) NOT NULL,
  `cnhnumero` varchar(255) DEFAULT NULL,
  `cnhcateg` varchar(255) DEFAULT NULL,
  `cnhdata` varchar(255) DEFAULT NULL,
  `telefone` varchar(255) DEFAULT NULL,
  `escolaridade` varchar(255) DEFAULT NULL,
  `estadocivil` varchar(255) DEFAULT NULL,
  `raca` varchar(255) DEFAULT NULL,
  `naturalidade` varchar(255) DEFAULT NULL,
  `nacionalidade` varchar(255) DEFAULT NULL,
  `img` varchar(255) DEFAULT NULL,
  `imgidtfrente` varchar(255) DEFAULT NULL,
  `imgidtcosta` varchar(255) DEFAULT NULL,
  `cnhfrente` varchar(255) DEFAULT NULL,
  `cnhcosta` varchar(255) DEFAULT NULL,
  `remember_token` varchar(100) DEFAULT NULL,
  `created_at` timestamp NULL DEFAULT NULL,
  `updated_at` timestamp NULL DEFAULT NULL,
  `deleted_at` timestamp NULL DEFAULT NULL,
  `cnhfrente_status` tinyint(4) DEFAULT NULL,
  `cnhfrente_obs` varchar(255) DEFAULT NULL,
  `genero` int(11) DEFAULT NULL,
  `id_empresa` int(11) DEFAULT NULL,
  PRIMARY KEY (`id`),
  UNIQUE KEY `pipeiro_users_cpf_unique` (`cpf`)
) ENGINE=InnoDB AUTO_INCREMENT=93 DEFAULT CHARSET=utf8mb4 COLLATE=utf8mb4_unicode_ci;
/*!40101 SET character_set_client = @saved_cs_client */;

--
-- Dumping data for table `pipeiro_users`
--

LOCK TABLES `pipeiro_users` WRITE;
/*!40000 ALTER TABLE `pipeiro_users` DISABLE KEYS */;
INSERT INTO `pipeiro_users` VALUES
(70,'thiago lins',NULL,NULL,NULL,'073.502.964-44','thiago_h_l@hotmail.com',NULL,'$2y$10$IjH288fjF/NMS1FAU1zjde5CPKnwaV6Jq654ZDC4tChgPQ3Zl70S6','01121111111','D','2023-11-08','(81) 99873-5165','3','2','2',NULL,NULL,NULL,NULL,NULL,'073.502.964-44/cadastro/0rzJIAFC3TpMYEMtV4O83rHAEFOxGO7K4xPyXtOe.pdf',NULL,NULL,'2023-07-19 02:26:35','2023-07-26 22:01:01',NULL,1,'',1,NULL),
(73,'thiago lins',NULL,NULL,NULL,'006.508.530-24','teste3@teste.com',NULL,'$2y$10$8qcd/drsSwgQIY4pb5p3oeOTM7GUi3j8qtnk.8x3iwzgWfde8TQFO','1126779536','D','2026-02-20','(81) 99873-5165','2','1','1',NULL,NULL,NULL,NULL,NULL,'006.508.530-24/cadastro/gPR5WujrbZ8YFFa9lnP0jcxKMwti2nKeJ9CKDS6E.pdf',NULL,NULL,'2023-07-19 14:02:32','2023-07-20 00:44:35',NULL,1,'',1,7),
(74,'JOSE MARIA DA SILVA',NULL,NULL,NULL,'027.880.754-21','DSAPODFIA@GMAIL.COM',NULL,'$2y$10$1FH9UKFqcqa1Nou3enf.I.hoxLoxGfgMnhQnSfSIlxj15DDPV1Uyy','32132123132','C','2023-07-28','(81) 99673-6450','3','1','3',NULL,NULL,NULL,NULL,NULL,NULL,NULL,NULL,'2023-07-19 16:28:25','2023-07-19 16:28:25',NULL,NULL,NULL,1,NULL),
(75,'Fulano da Silva',NULL,NULL,NULL,'643.355.200-50','fuls@gmail.com',NULL,'$2y$10$V.o8B.R9Orqp0M7x6LNbAumBdoR5H1RtENzs/HN4vL3lXAqsQPSDy','16192075931','C','2023-07-29','(81) 99999-8888','1','1','2',NULL,NULL,NULL,NULL,NULL,'643.355.200-50/cadastro/2XCBRTk0qujWKtsgbniP96cDpSw8JUv5rKoKlOnl.pdf',NULL,NULL,'2023-07-19 16:49:23','2023-07-19 17:07:20',NULL,1,'',1,NULL),
(76,'CARLOS FREDERICO DE AZEVEDO PIRES',NULL,NULL,NULL,'186.705.124-91','sadfsd@gmail.com.br',NULL,'$2y$10$DsJ2WpGjnHM0kUVSoPYqdeWUcI2IXlCwqSUwqzsEaFutA0t9CIGX2','11217359627','C','2023-07-21','(81) 98927-7824','4','1','2',NULL,NULL,NULL,NULL,NULL,'186.705.124-91/cadastro/JSYCsLkSb4OYt8A35umovf4bJ1qaQ9lqEbrXphDH.pdf',NULL,NULL,'2023-07-19 18:55:17','2023-07-19 18:57:14',NULL,1,'',1,NULL),
(77,'teste',NULL,NULL,NULL,'514.231.080-27','teste@teste.com',NULL,'$2y$10$GPUa9hBpDjFST.EMOJ7JLuX3n5W5YGQQ2x76IiA.XSP//ppiq.Vgy','01121111111','D','2025-12-22','(81) 99873-5165','6','2','3',NULL,NULL,NULL,NULL,NULL,'514.231.080-27/cadastro/gCRAcAU0dtikKMkli73pLVHYeOghEBQRIRUcOAxO.pdf',NULL,NULL,'2023-07-19 18:58:24','2023-07-20 00:44:45',NULL,1,'',1,7),
(79,'teste 3',NULL,NULL,NULL,'107.334.960-83','teste2@teste.com',NULL,'$2y$10$etzshP9cWPOFIXyQR4Fg.enPGby2UXUOpXywTrb35ZJ5YzjTFyW7C','1126779536','D','2027-01-12','(81) 99873-5165','4','2','4',NULL,NULL,NULL,NULL,NULL,'107.334.960-83/cadastro/5O1n50AS38C47cNZHwg6Ll9EirpWYCOXU5YQxvXO.pdf',NULL,NULL,'2023-07-19 19:05:01','2023-07-20 17:27:45',NULL,1,'',1,7),
(80,'amauri a oliveira',NULL,NULL,NULL,'869.279.304-34','amauribrother@gmail.com',NULL,'$2y$10$YNR2h9EBQDbL0h4cPuOSB.ClvnR8MTNMmwJH07Llnju2Vvxye3w/G','54555899950','D','2030-12-25','(81) 99886-8042','3','2','2',NULL,NULL,NULL,NULL,NULL,'869.279.304-34/cadastro/noWqlKJYgg9hk3GCZbYDTIph2BmktiUWjCLBIszy.pdf',NULL,NULL,'2023-07-19 19:58:12','2023-07-19 20:19:28',NULL,1,'',1,NULL),
(81,'teste',NULL,NULL,NULL,'156.156.710-84','maisum@gmail.com',NULL,'$2y$10$g7NDvVGFnPJH/P9wCbMI7uvWhh5BGhWXyg2aqi5SEJB87MhZjQ3ni',NULL,NULL,NULL,NULL,NULL,NULL,NULL,NULL,NULL,NULL,NULL,NULL,NULL,NULL,NULL,'2023-07-20 01:08:02','2023-07-20 01:08:02',NULL,NULL,NULL,NULL,NULL),
(82,'teste',NULL,NULL,NULL,'354.692.480-03','maisoutro@gmail.com',NULL,'$2y$10$9NNUvHOmrNoeWotPbRYQZOknDc.weEUD.MdZutOy.Lu/0QbdRU3nK',NULL,NULL,NULL,NULL,NULL,NULL,NULL,NULL,NULL,NULL,NULL,NULL,NULL,NULL,NULL,'2023-07-20 01:08:54','2023-07-20 01:08:54',NULL,NULL,NULL,NULL,NULL),
(83,'teste',NULL,NULL,NULL,'436.988.480-23','teste5@teste.com',NULL,'$2y$10$kwLsZt0fPNhMv3csPZUm8OV3EdpyHxrSW6t9Fjv3xOtndKBu2eKGi',NULL,NULL,NULL,NULL,NULL,NULL,NULL,NULL,NULL,NULL,NULL,NULL,NULL,NULL,NULL,'2023-07-20 01:11:49','2023-07-20 01:11:49',NULL,NULL,NULL,NULL,NULL),
(84,'empresa de testeaa',NULL,NULL,NULL,'122.663.970-44','teste33@teste.com',NULL,'$2y$10$/I.g65pMJIELy3rQ54BW9.pI5qq.yjLaEl72zsmxQyOG1pE/YCKZy',NULL,NULL,NULL,NULL,NULL,NULL,NULL,NULL,NULL,NULL,NULL,NULL,NULL,NULL,NULL,'2023-07-20 01:13:03','2023-07-20 01:13:03',NULL,NULL,NULL,NULL,NULL),
(85,'AGORA SIM',NULL,NULL,NULL,'926.397.920-08','As@ig.com.br',NULL,'$2y$10$wg/fefXnqM0TanUawuFI1OZAhBUPN1j/TtUSe93nwIs8jR9WdA4eG',NULL,NULL,NULL,NULL,NULL,NULL,NULL,NULL,NULL,NULL,NULL,NULL,NULL,NULL,NULL,'2023-07-20 20:17:46','2023-07-20 20:17:46',NULL,NULL,NULL,NULL,NULL),
(87,'thiago lins',NULL,NULL,NULL,'000.058.940-34','thiago_h_l@hotmail.com',NULL,'$2y$10$EdSn3AfskAmXAskuhoexVOIy/zAYBiI7fb6Yq8JBc4AhVBzvNMvMm',NULL,NULL,NULL,NULL,NULL,NULL,NULL,NULL,NULL,NULL,NULL,NULL,NULL,NULL,NULL,'2023-07-31 21:18:40','2023-07-31 21:18:40',NULL,NULL,NULL,NULL,NULL),
(88,'teste',NULL,NULL,NULL,'414.058.195-61','casamaf973@wiemei.com',NULL,'$2y$10$JaH0WXjXMRtZYHCfVHdl6OXiqzNQa/9SjI1DbPjj1r/IBM3vgrxDa',NULL,'C',NULL,'(81) 56456-3135','1','1','6',NULL,NULL,NULL,NULL,NULL,NULL,NULL,NULL,'2023-08-02 21:46:51','2023-08-03 21:46:32',NULL,NULL,NULL,1,NULL),
(89,'analise de vulnerabilidades',NULL,NULL,NULL,'666.644.400-08','henri3033@uorak.com',NULL,'$2y$10$7p25DNmtTR4yINyT/0foLOrCUyOToo2tUIG1Cw0gCzNYIobZeFj9G',NULL,NULL,NULL,NULL,NULL,NULL,NULL,NULL,NULL,NULL,NULL,NULL,NULL,NULL,NULL,'2023-08-10 17:50:03','2023-08-10 17:50:03',NULL,NULL,NULL,NULL,NULL),
(90,'analise de vulnerabilidades',NULL,NULL,NULL,'480.026.090-69','gohagi6893@weishu8.com',NULL,'$2y$10$Ei2QRTH1ZPgdeCDazJ2Op..32/Z7uZ.Wl.uGNpZjtDjsGATyfn1Ai','11111111111','C','2025-05-09','(81) 11111-1111','1','1','1',NULL,NULL,NULL,NULL,NULL,'480.026.090-69/cadastro/bXqnXmlF40asDNUHzazhuHUXHIc43a1b4Iq3gPof',NULL,NULL,'2023-08-10 21:00:00','2023-08-10 21:22:46',NULL,1,'',1,NULL),
(91,'analise de vulnerabilidades2',NULL,NULL,NULL,'147.883.270-31','gohagi6893@weishu8.com',NULL,'$2y$10$95p/cKjMgzOPWc0A5IXBRuOfQN3R0T.xsPdNhZ8pVSmmJxQMJ6k/e','12342345356','C','2025-08-15','(81) 56456-3135','1','2','1',NULL,NULL,NULL,NULL,NULL,'147.883.270-31/cadastro/QGWipSNqxg5qR6Vcb3qktQJdLau56MkFiVvVozBc.txt',NULL,NULL,'2023-08-11 14:19:46','2023-08-11 14:30:02',NULL,1,'',1,NULL),
(92,'teste pipeiro',NULL,NULL,NULL,'491.200.650-51','vasobeg663@weizixu.com',NULL,'$2y$10$sJMzrJhGwx0wMS8UEc.0eufbVs9ECQSN3D3QyPaVPOM.zBb7YaUy6','11111111111','C','2024-11-14','(81) 56456-3135','1','1','1',NULL,NULL,NULL,NULL,NULL,'491.200.650-51/cadastro/nbaEhrUhUvI0dBH0gUO4XCd5zAwJtpAHWA9dhcOV.txt',NULL,NULL,'2023-08-11 14:36:23','2023-08-11 14:42:37',NULL,1,'',1,NULL);
/*!40000 ALTER TABLE `pipeiro_users` ENABLE KEYS */;
UNLOCK TABLES;

--
-- Table structure for table `processo_pipeiros`
--

DROP TABLE IF EXISTS `processo_pipeiros`;
/*!40101 SET @saved_cs_client     = @@character_set_client */;
/*!40101 SET character_set_client = utf8 */;
CREATE TABLE `processo_pipeiros` (
  `id` bigint(20) unsigned NOT NULL AUTO_INCREMENT,
  `id_processo` bigint(20) unsigned NOT NULL,
  `id_pipeiro` bigint(20) unsigned NOT NULL,
  `status` int(11) NOT NULL,
  `created_at` timestamp NULL DEFAULT NULL,
  `updated_at` timestamp NULL DEFAULT NULL,
  PRIMARY KEY (`id`)
) ENGINE=InnoDB DEFAULT CHARSET=utf8mb4 COLLATE=utf8mb4_unicode_ci;
/*!40101 SET character_set_client = @saved_cs_client */;

--
-- Dumping data for table `processo_pipeiros`
--

LOCK TABLES `processo_pipeiros` WRITE;
/*!40000 ALTER TABLE `processo_pipeiros` DISABLE KEYS */;
/*!40000 ALTER TABLE `processo_pipeiros` ENABLE KEYS */;
UNLOCK TABLES;

--
-- Table structure for table `processos`
--

DROP TABLE IF EXISTS `processos`;
/*!40101 SET @saved_cs_client     = @@character_set_client */;
/*!40101 SET character_set_client = utf8 */;
CREATE TABLE `processos` (
  `id` bigint(20) unsigned NOT NULL AUTO_INCREMENT,
  `id_edital` bigint(20) unsigned NOT NULL,
  `periodo` varchar(255) NOT NULL,
  `ano` varchar(255) NOT NULL,
  `status` int(11) NOT NULL,
  `deleted_at` timestamp NULL DEFAULT NULL,
  `created_at` timestamp NULL DEFAULT NULL,
  `updated_at` timestamp NULL DEFAULT NULL,
  PRIMARY KEY (`id`)
) ENGINE=InnoDB AUTO_INCREMENT=4 DEFAULT CHARSET=utf8mb4 COLLATE=utf8mb4_unicode_ci;
/*!40101 SET character_set_client = @saved_cs_client */;

--
-- Dumping data for table `processos`
--

LOCK TABLES `processos` WRITE;
/*!40000 ALTER TABLE `processos` DISABLE KEYS */;
INSERT INTO `processos` VALUES
(1,1,'1° Quadrimestre','Edital 2023',2,NULL,'2023-05-09 13:13:27','2023-05-09 13:13:27'),
(2,1,'2° Quadrimestre','Edital 2023',1,NULL,'2023-05-09 13:13:27','2023-05-09 13:13:27'),
(3,1,'3° Quadrimestre','Edital 2023',0,NULL,'2023-05-09 13:13:27','2023-05-09 13:13:27');
/*!40000 ALTER TABLE `processos` ENABLE KEYS */;
UNLOCK TABLES;

--
-- Table structure for table `veiculos`
--

DROP TABLE IF EXISTS `veiculos`;
/*!40101 SET @saved_cs_client     = @@character_set_client */;
/*!40101 SET character_set_client = utf8 */;
CREATE TABLE `veiculos` (
  `id` bigint(20) unsigned NOT NULL AUTO_INCREMENT,
  `id_pipeiro` bigint(20) DEFAULT NULL,
  `id_empresa` bigint(20) DEFAULT NULL,
  `placa` varchar(255) DEFAULT NULL,
  `marca` varchar(255) DEFAULT NULL,
  `modelo` varchar(255) DEFAULT NULL,
  `ano` varchar(255) DEFAULT NULL,
  `chassi` varchar(255) DEFAULT NULL,
  `doc_crlv` varchar(255) DEFAULT NULL,
  `doc_lav` varchar(255) DEFAULT NULL,
  `veiculo_img` varchar(255) DEFAULT NULL,
  `created_at` timestamp NULL DEFAULT NULL,
  `updated_at` timestamp NULL DEFAULT NULL,
  `doc_crlv_status` tinyint(4) DEFAULT NULL,
  `doc_crlv_obs` varchar(255) DEFAULT NULL,
  `doc_lav_status` tinyint(4) DEFAULT NULL,
  `doc_lav_obs` varchar(255) DEFAULT NULL,
  `veiculo_img_status` tinyint(4) DEFAULT NULL,
  `veiculo_img_obs` varchar(255) DEFAULT NULL,
  `proprio` int(11) DEFAULT NULL,
  `doc_cl` varchar(255) DEFAULT NULL,
  `doc_cl_status` varchar(255) DEFAULT NULL,
  `doc_cl_obs` varchar(255) DEFAULT NULL,
  PRIMARY KEY (`id`)
) ENGINE=InnoDB AUTO_INCREMENT=52 DEFAULT CHARSET=utf8mb4 COLLATE=utf8mb4_unicode_ci;
/*!40101 SET character_set_client = @saved_cs_client */;

--
-- Dumping data for table `veiculos`
--

LOCK TABLES `veiculos` WRITE;
/*!40000 ALTER TABLE `veiculos` DISABLE KEYS */;
INSERT INTO `veiculos` VALUES
(39,70,NULL,'kke-5i14','fox',NULL,'2007JV','111111111111FGJDH','073.502.964-44/veiculo/9M4DoojSocJnLWIAFPVpuka2oS36utzGCm9yFRRB.pdf','073.502.964-44/veiculo/CFPf9elmEeEbqZVM7tjf9vOpfzRPsFg40MUA0jQ7.pdf','073.502.964-44/veiculo/UWodRzDgBFpZABhWkPyBuLIpquwh2jEvqTPuTqAD.pdf','2023-07-19 02:40:19','2023-07-26 21:48:33',1,'',1,'',1,'',1,'','99',''),
(41,73,NULL,'kke-5i14','fox',NULL,'2007','77777777777777777','','006.508.530-24/veiculo/pkmHmHru8rJkhwCUQuEHVdUAnvwdr2Ct2ZCbJuAm.pdf','006.508.530-24/veiculo/Mutx8CsrBSGdbYMd6Xhjz8hcrYCCm2tBv8s6kaVt.pdf','2023-07-19 14:02:32','2023-07-20 17:28:45',99,'',1,'',1,'',1,'006.508.530-24/veiculo/sbc48rjLLsIFp4L25KKJmNvZSOeVisPeDdgJoNpS.pdf','1',''),
(42,74,NULL,'sdf-1s32','VW',NULL,'2012','9BM6950142B294571',NULL,NULL,NULL,'2023-07-19 16:28:25','2023-07-19 16:28:25',NULL,NULL,NULL,NULL,NULL,NULL,0,NULL,NULL,NULL),
(43,75,NULL,'KHG-7424','FORD/FOCUS',NULL,'2000','4l34P4apvWeXz3723','643.355.200-50/veiculo/hP3lnAEGklRu2XukwzsWtPZoc0zfdZYI6u2Yw7OE.pdf','643.355.200-50/veiculo/UIzrrrANFU4kcgr4UBGZEkkeHF7P7OGqNPpqWjPp.pdf','643.355.200-50/veiculo/cGRgCQimaaaxraUuEePQAu4apQDcg82upRunyXpY.pdf','2023-07-19 17:07:20','2023-07-19 17:07:20',1,'',1,'',1,'',1,'643.355.200-50/veiculo/V7gDe8JubzfJNfSBx1pK4HbjWHs4Apl3KfJVeZnV.pdf','1',''),
(44,76,NULL,'HUW-0337','VW',NULL,'2012','9BM6950142B294571','186.705.124-91/veiculo/5gACMFz1tPMvXncPp7IWxkhhQBSM6uXfrW6dgOnj.pdf','186.705.124-91/veiculo/69oD5SLkjDcOaETWpMV6DElW1E9sF1MoDja5Rn8V.pdf','186.705.124-91/veiculo/wWYwgr7znDOWB2fwqJcElZAvFY6W2T0wFbOEbQTw.pdf','2023-07-19 18:56:31','2023-07-26 21:11:34',99,'teste',1,'',1,'',0,'186.705.124-91/veiculo/XSuW59wInunuki5g5RgPLq5nJme5yc0xHPeaZA1c.pdf','1',''),
(45,77,NULL,'kke-5i14','fox',NULL,'2007','77777777777777777','','','','2023-07-19 18:58:24','2023-07-20 17:29:12',99,'',99,'',99,'',1,'514.231.080-27/veiculo/qC4EAR3JAZTOnx9NTZrxVjxYd9nrAvINolCtoNmL.pdf','1',''),
(46,79,NULL,'kke-5i14','fox',NULL,'2007','1234512','107.334.960-83/veiculo/htAwAemChHa6EuDZUIIjXFLUekwg8DNJealLJjef.pdf','107.334.960-83/veiculo/c54Yka4rP0sKfxdrXfCSrcf9h7eBQ12BhieWTIkN.pdf','107.334.960-83/veiculo/CPaoO2rTqX7zlzwoZyHQNnIGVSUVE2suQnNyfu4U.pdf','2023-07-19 19:05:01','2023-07-19 19:05:01',1,'',1,'',1,'',1,'107.334.960-83/veiculo/x9O8EH4HsBVFDDc6UIw2A2qfKnFXjjbQamD8ijf2.pdf','1',''),
(47,80,NULL,'kke-5i32','vw/l1530',NULL,'1989','126516156fg165151','869.279.304-34/veiculo/vRvzzdzb56gnNS5q8D2ui5mymv67WRgMbqlREC3m.pdf','869.279.304-34/veiculo/zL3OVYyPJFdWwdpwq2V9guWkjK79cR9sQWzslhrW.pdf','869.279.304-34/veiculo/0nTSLXGOOPj9dfXsgyU1SwPtskMiEuOXlwUACY21.pdf','2023-07-19 20:19:28','2023-07-19 20:23:21',1,'',1,'',1,'',0,'869.279.304-34/veiculo/BFxgEb4Ect8xbDGbCZHxRo5BPzGFniIEN9UlSNPE.pdf','1',''),
(48,88,NULL,NULL,NULL,NULL,NULL,NULL,'','','','2023-08-03 21:46:32','2023-08-03 21:46:32',99,'O arquivo não era um PDF',99,'O arquivo não era um PDF',99,'O arquivo não era um PDF',0,'','99','O arquivo não era um PDF'),
(49,90,NULL,'kgg-9545','teste',NULL,'1978','11111111111111111','480.026.090-69/veiculo/2bX9j6YBVqE9uHMsPpIHwCe1OXrxDN04WcCDouH8','480.026.090-69/veiculo/szAFCOCks6EabJleAt0xIh4Ctjdv9f8cVJJ4R7Hy','480.026.090-69/veiculo/nKjvRYw6e1htcGhiiKv4bpCuNMfPRVbHMgs0uzbl','2023-08-10 21:33:36','2023-08-10 21:33:36',1,'',1,'',1,'',1,NULL,NULL,NULL),
(50,91,NULL,'kgg-9545','teste',NULL,'1978','FDASDASDASDASDASD','147.883.270-31/veiculo/L2AJ7jjVpn5H2zvHzsk1gSIWtG07SoxxBHaow3Cs.txt','147.883.270-31/veiculo/FHMMgMxllGYKEBt2sAxeS9Qp4N4sSAd0bjOUk9Ed.txt','147.883.270-31/veiculo/pdOjal7PiteNbP4qj52owFx4Q6ztQLqb3E7UMuJt.txt','2023-08-11 14:30:02','2023-08-11 14:30:02',1,'',1,'',1,'',1,NULL,NULL,NULL),
(51,92,NULL,'kgg-9545','teste',NULL,'1978','11111111111111111','491.200.650-51/veiculo/Gwf9uP3VwbhkIgicjmUmEvdu6YppZvTQTxESVsfZ.txt','491.200.650-51/veiculo/lG152sUNy7iCuVz1GtGEHzyJqPUtsyo5kCKWTHpk.txt','491.200.650-51/veiculo/aPUd72aCNCD5f9j0lfevmCWgLbRkfbxibKxlPX3s.txt','2023-08-11 14:42:37','2023-08-11 14:42:37',1,'',1,'',1,'',1,NULL,NULL,NULL);
/*!40000 ALTER TABLE `veiculos` ENABLE KEYS */;
UNLOCK TABLES;
/*!40103 SET TIME_ZONE=@OLD_TIME_ZONE */;

/*!40101 SET SQL_MODE=@OLD_SQL_MODE */;
/*!40014 SET FOREIGN_KEY_CHECKS=@OLD_FOREIGN_KEY_CHECKS */;
/*!40014 SET UNIQUE_CHECKS=@OLD_UNIQUE_CHECKS */;
/*!40101 SET CHARACTER_SET_CLIENT=@OLD_CHARACTER_SET_CLIENT */;
/*!40101 SET CHARACTER_SET_RESULTS=@OLD_CHARACTER_SET_RESULTS */;
/*!40101 SET COLLATION_CONNECTION=@OLD_COLLATION_CONNECTION */;
/*!40111 SET SQL_NOTES=@OLD_SQL_NOTES */;

-- Dump completed on 2023-08-14 14:14:54
